engagement_band,tenure_band,customers,estimated_effect,standard_error,ci_low,ci_high
low,new,402,0.1703899738282747,0.050577184067249516,0.07125869305646565,0.26952125460008375
low,long_tenure,262,0.11342917053265571,0.06920628481826814,-0.022215147711149838,0.24907348877646124
medium,new,295,0.10889259422674229,0.05819092452284254,-0.005161617838029084,0.22294680629151364
high,new,853,0.06014829254816131,0.030867088113341042,-0.0003512001539871315,0.12064778525030975
medium,established,964,0.058340455731468795,0.030210414723161737,-0.000871957125928205,0.1175528685888658
high,established,692,0.046629707148362516,0.035183835665452946,-0.02233061075592526,0.11559002505265029
low,established,715,0.01533786467777089,0.03719673640160224,-0.0575677386693695,0.08824346802491127
medium,long_tenure,757,-0.01828728859157796,0.04072786991219713,-0.09811391361948432,0.06153933643632841
high,long_tenure,60,-0.14796670037673337,0.1254927010457199,-0.3939323944263444,0.09799899367287765
