treated_index,control_index,treated_customer_id,control_customer_id,treated_outcome,control_outcome,ps_distance
2,2760,3,2761,1,0,7.525368284955203e-05
3,618,4,619,1,0,2.6653521202069097e-05
4,1841,5,1842,0,1,0.0002125648833718654
6,616,7,617,0,0,0.0002989529257781953
8,250,9,251,0,0,0.000182687149220484
10,103,11,104,0,1,0.00013275912574228776
13,368,14,369,0,0,0.0007815335834524539
16,707,17,708,1,0,0.00011729614998734483
17,3731,18,3732,1,1,7.224947612421984e-05
18,2775,19,2776,1,1,0.0005067710044888152
19,3871,20,3872,0,0,7.856094329627972e-05
30,1926,31,1927,1,0,1.7938258436656085e-05
35,4783,36,4784,0,0,2.3086742559907947e-05
37,3654,38,3655,0,0,0.00035999985827039893
38,2112,39,2113,1,1,0.0005487937061259829
40,4888,41,4889,0,1,0.000967265515310789
43,1028,44,1029,1,1,6.276193230825289e-05
45,4683,46,4684,0,1,3.649826896712227e-05
46,4385,47,4386,1,0,0.0002960168709393862
52,3909,53,3910,1,0,4.155647507242399e-05
54,274,55,275,0,0,0.0008483248274796518
55,2408,56,2409,0,0,7.73537684407577e-05
56,1622,57,1623,1,0,0.00020677798064339115
59,940,60,941,1,1,9.702442931691646e-06
60,3418,61,3419,0,1,0.0005860926069378436
62,329,63,330,1,0,0.00042929905475308505
70,3318,71,3319,0,1,0.00021244793717195565
74,984,75,985,1,1,0.00024008792641927457
83,3679,84,3680,0,0,1.8268365035267742e-05
85,4964,86,4965,1,1,0.0001469114809233285
86,3144,87,3145,0,1,9.852248500219485e-05
87,1390,88,1391,1,1,0.00011129855666491828
95,203,96,204,0,0,0.0003284579055267134
98,1774,99,1775,1,1,0.0005022603892315888
99,3326,100,3327,0,0,0.0001959537195339589
102,2996,103,2997,1,0,2.176147158419739e-05
105,793,106,794,0,0,0.004330011227927338
107,1721,108,1722,1,1,0.0001224658015644975
108,4231,109,4232,1,1,0.0005338056928936297
111,1329,112,1330,0,0,0.00018302787727542125
113,2759,114,2760,0,0,0.02355347174664596
114,1201,115,1202,0,0,0.00028160953577022196
116,579,117,580,1,1,2.4106316456329324e-06
118,2933,119,2934,1,0,2.6986957160968217e-05
119,1264,120,1265,0,0,0.0005502350086410007
120,2910,121,2911,1,1,0.00025238567965696346
121,1895,122,1896,0,1,0.0009186237440052814
129,2759,130,2760,0,0,0.0031221869443369132
130,2557,131,2558,1,0,0.00026208923877951706
133,4855,134,4856,0,1,0.00013438789946995655
140,4656,141,4657,1,1,0.00020885811905457796
142,672,143,673,0,0,0.00024028062237035908
143,444,144,445,0,0,0.00016971515939601112
146,4811,147,4812,1,1,0.00020871456827187274
150,1147,151,1148,0,1,0.00016332138774854954
151,4280,152,4281,1,1,0.00021661488890387104
153,4487,154,4488,0,1,0.00010212846034396428
160,1740,161,1741,1,1,0.00019210287293117828
161,3516,162,3517,1,1,4.9810507819991745e-05
163,2544,164,2545,0,0,0.00044951109065180517
169,2453,170,2454,0,0,0.00023491661675412168
170,4301,171,4302,0,1,0.0004985452664374446
171,2678,172,2679,1,0,1.9171574498155763e-05
175,1501,176,1502,1,0,8.968871277870161e-05
179,2487,180,2488,1,0,0.00019266755462665763
180,2627,181,2628,0,1,0.0006379631213734305
181,904,182,905,0,0,0.0009189933426192454
185,3872,186,3873,0,0,0.00035806906294688634
186,3097,187,3098,0,1,0.0034310959197700885
187,2461,188,2462,0,0,3.920766035403478e-05
192,2147,193,2148,0,0,5.382674364964868e-05
193,2854,194,2855,0,1,6.595562608324723e-05
194,4343,195,4344,1,1,6.665068138156371e-05
196,2129,197,2130,1,1,0.0002147524683658586
197,927,198,928,1,1,4.738720927410789e-05
198,3512,199,3513,1,0,0.0003841051007063001
204,156,205,157,1,1,0.00023185116293115288
206,2436,207,2437,1,0,0.0003288056461554778
207,4865,208,4866,0,1,6.414746564309404e-05
210,3749,211,3750,1,0,0.00010955597091943936
214,1167,215,1168,0,0,0.0005550656872714832
215,445,216,446,0,0,0.00019003796187400113
217,418,218,419,1,0,0.0002482848942687299
222,723,223,724,0,0,0.0003182938810806779
224,4857,225,4858,1,0,0.0007288563232093898
226,4417,227,4418,1,1,2.6743586002325737e-05
228,1917,229,1918,1,0,5.620310949883134e-05
230,585,231,586,1,0,9.457299170689826e-05
238,457,239,458,1,1,0.0005447771873597629
239,1183,240,1184,1,1,0.0007124174875452471
240,957,241,958,0,1,0.00014198458794034696
243,3414,244,3415,0,1,4.622846621171739e-06
245,2166,246,2167,1,0,1.5205943829754709e-05
253,2574,254,2575,1,0,1.088096906098901e-05
254,4493,255,4494,0,1,1.8578098908844654e-05
257,2874,258,2875,1,1,0.00023348627753680407
258,690,259,691,0,1,0.0001664376605836071
263,1224,264,1225,0,1,5.683381878573979e-05
269,4315,270,4316,0,0,0.00012884483824288084
271,2986,272,2987,1,1,0.0002560028960939681
281,2156,282,2157,0,0,3.861796031140452e-05
283,2727,284,2728,1,1,0.0008051358497303818
288,2454,289,2455,0,0,8.917717308498663e-05
289,3234,290,3235,0,1,0.00012902982133961016
290,3687,291,3688,1,0,0.00014269790200160948
291,3899,292,3900,1,1,4.58828099803299e-05
292,1170,293,1171,0,1,0.00020649850043386042
293,1703,294,1704,1,0,5.018621993042871e-05
297,2078,298,2079,0,1,0.00013643464462731458
307,1081,308,1082,0,0,0.0005789545452003497
308,2085,309,2086,1,1,0.0004986117227877007
309,4724,310,4725,1,1,0.0001520406998056778
326,1055,327,1056,0,1,0.0004657399389424999
328,4227,329,4228,0,1,0.00047631633498865233
330,862,331,863,1,1,4.9563289063025984e-05
331,2822,332,2823,0,1,0.0001068180178700022
335,1127,336,1128,1,0,1.6031537480032387e-05
339,4734,340,4735,0,0,2.8581117495651842e-05
341,647,342,648,0,0,0.0001447908043487045
343,2352,344,2353,0,1,0.00015216403867174266
344,4697,345,4698,1,1,4.6409971836913755e-05
346,1970,347,1971,1,1,4.957777002845276e-05
347,2114,348,2115,0,1,0.0006104512283418503
351,874,352,875,1,0,0.00035220499563642926
353,2578,354,2579,0,1,0.0002870381256131621
356,1216,357,1217,0,1,8.982711498373153e-05
359,3551,360,3552,1,0,0.02965304461544538
361,904,362,905,1,0,2.015047791048552e-05
362,411,363,412,1,0,0.00026563014038497035
363,1841,364,1842,1,1,0.0007206650678649573
364,4714,365,4715,0,0,0.0054690622396349475
369,2671,370,2672,1,1,0.00027379780607938997
370,2184,371,2185,0,0,0.00010005055993567158
371,842,372,843,1,0,0.00016285492349599195
375,2897,376,2898,0,1,0.0011531542546455165
377,2617,378,2618,0,0,0.00014810579755542008
379,3806,380,3807,0,0,0.00014758295321914972
380,3547,381,3548,0,0,0.00021861859233718306
382,3405,383,3406,0,0,7.203813910872103e-05
386,3551,387,3552,0,0,0.0009541317440098229
390,3979,391,3980,0,0,2.7236983182632457e-05
394,830,395,831,1,0,0.00010036140462651999
395,2653,396,2654,0,0,0.00012857790015829984
396,701,397,702,0,0,4.314474111222211e-05
397,1508,398,1509,0,1,1.0137778875263237e-06
400,4445,401,4446,0,0,9.345200172461432e-05
401,471,402,472,0,1,0.0005429842043769284
403,157,404,158,1,0,0.0001692757893677621
404,44,405,45,1,0,0.00024122411259397403
405,1055,406,1056,0,1,0.0003851656251786517
406,1543,407,1544,1,1,3.44677548957395e-05
407,4649,408,4650,0,0,0.00022588238684484452
408,3620,409,3621,1,0,0.00511335672390123
414,4934,415,4935,1,1,9.411829551816964e-05
416,1184,417,1185,1,0,0.0019670773898785576
417,4937,418,4938,1,1,0.0003816597539784139
420,164,421,165,0,0,0.0006985816021901625
421,3681,422,3682,0,0,0.0008351113113018171
422,689,423,690,1,0,0.0011158840410074033
423,4089,424,4090,1,1,6.184145226400053e-05
429,3460,430,3461,0,1,8.379182294360188e-05
433,759,434,760,0,1,0.0004590357937297451
436,3899,437,3900,0,1,0.0005351925299099947
439,2544,440,2545,0,0,0.001234007646515295
443,2881,444,2882,0,1,0.00021731383934397996
447,1927,448,1928,1,0,5.7728038885040966e-05
453,3750,454,3751,0,1,0.00010094791754566845
461,2191,462,2192,1,0,0.00033763485741705734
463,3300,464,3301,1,0,0.00021278314818240496
464,1441,465,1442,1,0,9.681694808030827e-05
465,3513,466,3514,0,1,0.00012123447676193333
466,1049,467,1050,0,1,0.000326102033898254
468,1245,469,1246,0,1,0.00024830956641357094
472,4865,473,4866,1,1,0.0007799634156871182
474,1802,475,1803,0,0,0.00013662525197183362
475,3938,476,3939,1,1,5.9442799086761866e-05
481,3108,482,3109,1,1,0.0009458916346516619
483,1873,484,1874,0,1,0.00011569595842675362
489,2199,490,2200,1,0,0.0002711302765793233
490,1461,491,1462,0,0,0.0004833541975794442
491,3115,492,3116,0,0,0.0004345467510542267
495,2385,496,2386,0,0,3.894221674882736e-05
496,3327,497,3328,0,1,0.0002532777123354091
497,3974,498,3975,1,1,0.020864574644507583
500,2732,501,2733,0,1,0.00037432270315473914
505,4484,506,4485,0,0,4.551856438950175e-05
507,2365,508,2366,0,1,0.00029484182488126454
509,3996,510,3997,1,1,0.001212076395853856
516,2180,517,2181,1,0,0.00022311334466829091
521,672,522,673,0,0,0.00019099955932055934
523,723,524,724,1,0,0.00025888668021295524
524,850,525,851,1,1,0.0014861056504581749
526,479,527,480,1,0,0.00015090214200708107
527,1210,528,1211,0,1,0.00011662382158794671
530,3902,531,3903,1,0,0.0007850142492878687
531,793,532,794,0,0,0.005281449687327938
533,1966,534,1967,0,1,6.666235464636294e-05
538,3736,539,3737,1,0,0.0004005647149483149
542,1356,543,1357,0,1,0.0003994845280462789
544,349,545,350,1,1,0.0004166863394856682
553,3387,554,3388,0,0,6.573760606976009e-06
559,1012,560,1013,1,0,9.291498362595796e-06
560,2593,561,2594,1,0,0.00019136017462695332
563,4264,564,4265,1,0,0.00010930446701207241
569,1793,570,1794,0,1,0.00028082812247143263
572,3490,573,3491,0,0,0.0001717920049773003
576,1203,577,1204,0,1,0.00022996878967374013
577,4275,578,4276,0,1,4.000886552839311e-05
578,4384,579,4385,0,1,0.0002682326294473625
580,3964,581,3965,0,1,0.00014140222241676437
587,2693,588,2694,1,0,6.319630990014868e-05
588,4306,589,4307,0,0,0.00043683418747132025
589,2492,590,2493,1,1,2.6799515447983868e-05
594,3554,595,3555,1,0,0.00012129951869116473
595,3256,596,3257,1,1,5.084334080672839e-05
596,4187,597,4188,0,1,0.00014024218031596924
597,4314,598,4315,0,0,0.00012543727897001977
598,451,599,452,0,1,1.6983806518044986e-05
607,4252,608,4253,1,1,0.0002798835647398329
608,3921,609,3922,0,0,0.00013102368244710672
612,4852,613,4853,0,0,7.462922512202486e-05
619,3639,620,3640,0,1,3.7870786290195024e-05
620,2679,621,2680,1,0,0.00023613809943801023
628,1461,629,1462,0,0,9.247810015045044e-06
634,2879,635,2880,1,1,8.625964802883024e-05
635,3974,636,3975,0,1,0.022568873448705506
636,3551,637,3552,0,0,0.07035722645996134
637,4384,638,4385,1,1,0.00022048976155747413
638,3510,639,3511,0,0,6.812880291717782e-05
639,3052,640,3053,0,0,0.0004261287691503801
640,4058,641,4059,1,0,0.00013814547468460336
642,2898,643,2899,1,0,0.00048530772308441605
644,2924,645,2925,0,0,0.00040394775036314834
646,4409,647,4410,1,0,0.00028630146576964777
650,4271,651,4272,0,1,0.00025301924307807866
652,3399,653,3400,0,0,0.0006630734431573304
653,777,654,778,0,1,6.517603660827209e-06
657,3224,658,3225,1,0,0.00024353969030954659
658,4734,659,4735,0,0,0.0003053834859973459
660,4278,661,4279,1,1,3.859518054291633e-05
668,2327,669,2328,0,1,0.00015965484190255674
669,1416,670,1417,1,1,1.5881826964325718e-05
670,1181,671,1182,1,1,0.0006735741068504067
671,2756,672,2757,0,0,0.00012915530789325835
673,2605,674,2606,0,1,0.00022465605334923144
674,3277,675,3278,0,0,0.0015876903130815911
676,1016,677,1017,0,1,6.109683621469131e-06
678,1417,679,1418,1,1,0.00016813138308877096
682,4330,683,4331,1,1,4.8270842643638456e-05
687,231,688,232,0,0,0.0002995290134895079
692,547,693,548,0,1,0.0009055655268548068
694,3372,695,3373,1,0,0.0003810669910448983
696,2162,697,2163,0,1,0.0002255447278134426
697,2814,698,2815,0,1,0.00013569236280921992
698,3117,699,3118,0,1,0.0002081340246991581
699,4706,700,4707,0,1,7.298418896234393e-05
703,3081,704,3082,0,1,0.00048254424747223856
704,4857,705,4858,1,0,0.0006687614217912863
705,367,706,368,0,0,0.00134272089664908
710,1134,711,1135,0,0,0.00014340569503834555
711,1160,712,1161,1,1,1.1491834660398714e-05
715,593,716,594,1,0,0.00014130690989133665
716,4396,717,4397,0,0,8.941778890214636e-06
717,3964,718,3965,1,1,0.0003013477190532132
718,3341,719,3342,0,1,0.00015200773332246786
720,2335,721,2336,0,1,0.00018663862561585365
721,4953,722,4954,0,0,0.00013944156613310277
722,3872,723,3873,1,0,2.4051045947992566e-05
726,2514,727,2515,1,0,0.00011782178330921322
728,4870,729,4871,0,0,0.00013547845997796681
729,2346,730,2347,0,1,6.23441783061951e-05
730,3814,731,3815,1,1,1.6188915617165733e-05
732,1104,733,1105,0,1,0.00010222998234969
733,1688,734,1689,0,0,0.0006149777160017189
736,1254,737,1255,1,1,7.942409594344224e-05
740,2897,741,2898,1,1,4.556794478682846e-05
741,3891,742,3892,0,1,0.0001895612872574448
743,2154,744,2155,1,0,0.0002620607160830346
747,4385,748,4386,0,0,0.000341663794266589
749,1559,750,1560,1,0,0.0003015530014305323
751,890,752,891,0,1,7.18555514145347e-06
752,850,753,851,0,1,0.0004017209828736587
753,1342,754,1343,1,1,4.45637568566859e-05
754,4583,755,4584,1,0,0.00023778371222257788
762,4723,763,4724,1,0,0.0005985798052366416
764,96,765,97,0,0,0.00010672249266363565
768,1813,769,1814,1,0,7.716257353129752e-06
772,4289,773,4290,0,0,0.0002917053794257579
778,2036,779,2037,0,0,0.00011289234196298903
780,3603,781,3604,1,1,0.0006904235569722139
781,2319,782,2320,1,1,0.00028185028915295174
789,864,790,865,0,1,0.0013407851094310308
790,750,791,751,1,1,0.0004632858805633244
792,1271,793,1272,1,1,6.900398876918956e-05
794,645,795,646,0,0,8.627889144019463e-05
796,3971,797,3972,1,1,0.0002599114294171284
797,2874,798,2875,1,1,1.1025170184281174e-05
799,3056,800,3057,0,1,0.0003381055611227368
800,4515,801,4516,0,0,6.637925167940484e-05
801,4447,802,4448,1,0,1.7625819983657642e-05
803,3603,804,3604,1,1,0.0004253296631803183
805,2895,806,2896,1,1,9.187233302304643e-05
807,2320,808,2321,1,1,0.0004281704403311104
811,3067,812,3068,1,1,0.0003592475744829682
812,4022,813,4023,0,1,1.4205910483511275e-06
813,3150,814,3151,0,0,0.00033548057030782785
814,897,815,898,1,1,0.00041862581377612174
815,4697,816,4698,1,1,0.0002456909650575545
816,2490,817,2491,1,1,9.941864367535302e-06
817,3792,818,3793,1,1,0.00010169880436211587
821,1259,822,1260,1,1,0.0009000928163291899
823,3554,824,3555,0,0,4.634022599114829e-05
824,334,825,335,0,1,0.00014626895948222085
831,4527,832,4528,1,1,0.0002816088528589944
832,1281,833,1282,0,1,5.56821590099732e-05
835,2557,836,2558,1,0,0.00012098726307507857
841,3296,842,3297,0,0,9.931953148323291e-05
844,3651,845,3652,1,0,0.004121400078991255
845,4782,846,4783,0,0,6.44679518480018e-05
848,4239,849,4240,1,0,0.0002825388960149833
849,3529,850,3530,0,1,0.0001680037289847336
852,4091,853,4092,1,0,0.00012669338945014985
853,2610,854,2611,0,0,9.968985829433841e-05
854,2114,855,2115,0,1,0.0004976408892332085
855,4699,856,4700,1,0,0.00040489781604624575
856,261,857,262,0,0,8.222345214203841e-05
860,1206,861,1207,0,0,0.0006842160511583151
863,332,864,333,1,0,3.2994830888921634e-05
868,3908,869,3909,1,0,0.00019724165653994818
869,2828,870,2829,0,0,0.00025188339554904626
870,944,871,945,0,1,1.563934449411164e-05
877,1473,878,1474,1,1,0.00035053307737953343
879,3893,880,3894,0,0,0.0004874420829000248
880,2180,881,2181,1,0,7.3372941553628834e-06
884,3679,885,3680,1,0,9.01501820696482e-05
885,2522,886,2523,1,0,5.282551031726701e-05
887,4234,888,4235,1,0,3.254324092011318e-05
892,2509,893,2510,1,1,0.0003640006828934672
894,1095,895,1096,0,0,2.398377745682634e-05
898,1515,899,1516,0,1,0.00031597369378219553
899,2981,900,2982,0,1,0.0002019052741038252
902,4637,903,4638,1,0,0.0003644425837665277
906,1361,907,1362,1,1,0.00018466572871700393
907,3244,908,3245,1,1,0.00037457279932413823
918,2237,919,2238,1,1,0.00011706035417069494
921,1060,922,1061,1,0,0.0011397810107179884
922,2670,923,2671,0,0,0.0003371346169023237
923,2077,924,2078,1,1,1.0788855298093925e-05
926,4464,927,4465,1,1,0.0006604353773770888
932,3365,933,3366,0,0,2.227484405992186e-05
935,4795,936,4796,1,0,0.0009530716913051518
936,536,937,537,1,0,0.0001693892230457683
937,3818,938,3819,1,0,0.00011938577383388549
941,2783,942,2784,0,0,9.385978034737175e-05
942,1153,943,1154,1,1,0.00031905698000611604
943,4759,944,4760,1,0,0.00218028848607843
945,1656,946,1657,1,0,4.877356553831258e-05
948,1722,949,1723,1,0,0.000895080904856127
952,1725,953,1726,0,0,8.140137645826218e-05
954,342,955,343,0,0,0.00016086665138814737
955,3512,956,3513,0,0,0.0002889331673607276
959,1644,960,1645,0,0,5.4669789451677886e-05
960,4826,961,4827,0,1,6.516057841626788e-05
963,4477,964,4478,0,1,7.393721235215978e-05
964,3451,965,3452,1,1,0.00024735995510394293
967,1465,968,1466,0,0,0.002176428243718255
968,164,969,165,0,0,7.65068606335545e-05
969,1881,970,1882,1,1,0.00025573883278895426
971,4994,972,4995,1,0,0.0009304978251207241
975,3067,976,3068,0,1,0.00016481153693331807
979,946,980,947,1,1,0.0002131946401449647
981,3717,982,3718,0,0,5.38566635693849e-05
983,1060,984,1061,1,0,0.00021753022318049542
986,545,987,546,0,1,0.00047682217289590767
987,4215,988,4216,1,1,5.194510333322855e-05
989,2871,990,2872,0,1,1.3760688244879304e-05
990,3143,991,3144,0,1,0.0002672330839417203
993,1245,994,1246,0,1,0.0003868918429745377
995,4465,996,4466,1,1,0.00046274568915044556
996,4996,997,4997,0,1,0.0004926827334391648
998,1748,999,1749,1,0,0.00014727626754162948
1003,4452,1004,4453,1,0,0.0003249457469497452
1007,2923,1008,2924,1,1,0.00032521610382918453
1010,3410,1011,3411,0,1,0.000220372479437847
1011,265,1012,266,0,0,0.001913664850217267
1018,4007,1019,4008,1,1,0.0007782310243667212
1022,1111,1023,1112,1,1,0.0001419600121442821
1032,419,1033,420,1,1,2.2729525795961436e-05
1033,2760,1034,2761,0,0,6.540153638290302e-05
1034,3869,1035,3870,0,0,0.0006607367393247632
1039,504,1040,505,0,0,0.000353584958946912
1040,3004,1041,3005,1,1,0.00015346848166708504
1044,3058,1045,3059,0,1,0.0002508602501528068
1046,2757,1047,2758,0,1,6.345450465572444e-06
1047,3633,1048,3634,0,1,0.0003098115484644337
1048,2595,1049,2596,0,1,0.000207610011998538
1052,3655,1053,3656,1,0,0.0003461259551750806
1054,1601,1055,1602,1,1,0.00016180674815000073
1057,2228,1058,2229,1,1,0.0003249823887851999
1058,3503,1059,3504,0,0,0.00022897269064336978
1062,4717,1063,4718,1,0,0.00010347970943708207
1063,920,1064,921,0,1,2.684912990852384e-06
1068,3332,1069,3333,1,1,0.00019797403749299836
1070,4230,1071,4231,1,0,0.0001490657097580339
1076,313,1077,314,0,0,0.0003813306536454286
1077,2862,1078,2863,1,0,4.3186574735898375e-05
1078,2523,1079,2524,0,0,4.518685220143703e-05
1091,302,1092,303,0,0,0.00010593353307686293
1093,1401,1094,1402,1,1,3.691597612945352e-05
1096,2040,1097,2041,1,1,0.0001231070855654305
1100,4569,1101,4570,1,0,5.4999178811521165e-06
1107,1494,1108,1495,0,0,0.00048492020625490184
1109,1604,1110,1605,0,1,0.00014547916988127962
1110,3872,1111,3873,0,0,0.00015668269478968933
1112,874,1113,875,1,0,0.001501619150328301
1113,4830,1114,4831,1,0,3.6995871087797116e-05
1114,3512,1115,3513,0,0,0.0006749180687753986
1116,3961,1117,3962,1,0,0.00011363575612854948
1120,3900,1121,3901,0,0,0.00010481578854057427
1122,4043,1123,4044,0,0,1.9278846267178906e-05
1123,3908,1124,3909,0,0,0.00019787119872399783
1131,3552,1132,3553,1,1,0.0004569554568316647
1132,3655,1133,3656,1,0,0.00028827958862176484
1138,1303,1139,1304,0,1,0.0003447952157720341
1139,1607,1140,1608,0,1,0.00016633397617688006
1140,4028,1141,4029,0,1,8.776430203738528e-05
1146,1225,1147,1226,1,0,0.00027313019032415564
1151,3355,1152,3356,1,1,3.891956873292024e-05
1155,4862,1156,4863,0,1,3.985602594541726e-05
1156,2637,1157,2638,1,1,0.00017899235381246825
1161,2038,1162,2039,0,1,4.7216495525193025e-05
1162,232,1163,233,0,0,8.960688051018462e-05
1163,1897,1164,1898,1,1,0.0004715692752556566
1164,1442,1165,1443,1,1,2.0407525116145075e-05
1166,4149,1167,4150,1,0,1.289683385419238e-06
1169,4663,1170,4664,1,0,0.0003647149667033167
1172,1235,1173,1236,1,0,0.00036000656437461254
1174,1347,1175,1348,1,1,0.0003562831327570404
1179,273,1180,274,0,0,9.17772254666327e-05
1182,1899,1183,1900,1,0,0.00011238802827456817
1191,4898,1192,4899,0,1,0.002024332285793795
1192,1470,1193,1471,1,0,0.0009988945070863453
1194,430,1195,431,1,0,0.0008431374969612992
1195,4160,1196,4161,1,0,0.00016583533329858624
1196,4160,1197,4161,0,0,0.001276882440192556
1197,3008,1198,3009,0,1,0.002151965059520297
1199,3546,1200,3547,0,1,8.183326985478079e-05
1204,1253,1205,1254,1,0,0.0007166566939512155
1205,2316,1206,2317,1,1,0.000451625050103599
1208,73,1209,74,0,1,0.0004673441660022204
1212,1401,1213,1402,0,1,7.608983088647214e-05
1215,265,1216,266,0,0,0.011629001073638734
1220,4864,1221,4865,1,0,0.0005846078369090013
1222,2725,1223,2726,0,0,0.00011408665713863453
1223,4477,1224,4478,0,1,0.00017997286292165127
1227,4936,1228,4937,1,1,7.877759543983842e-05
1229,2993,1230,2994,0,1,0.0012762953129188542
1231,3298,1232,3299,1,0,8.643263600938145e-05
1232,3017,1233,3018,1,0,0.00023318196597327256
1233,2759,1234,2760,0,0,0.012771305580651426
1239,1878,1240,1879,1,1,1.8597227405159344e-05
1241,241,1242,242,0,0,0.0001834169968124577
1242,1021,1243,1022,0,0,0.00019513963551232028
1244,2143,1245,2144,0,0,3.548004014475303e-05
1246,4857,1247,4858,0,0,3.7309054508327666e-05
1247,925,1248,926,1,1,1.406343079615735e-05
1249,4041,1250,4042,0,0,1.5558865160247848e-05
1252,2241,1253,2242,1,1,0.000491357089490857
1258,4097,1259,4098,0,1,8.934504094254558e-06
1260,4917,1261,4918,0,0,0.0007741617790866517
1261,1422,1262,1423,0,1,3.32466008501342e-06
1266,822,1267,823,1,1,0.00042460850975026276
1268,165,1269,166,1,1,0.0001629668684219876
1274,4069,1275,4070,1,1,4.564713761395778e-05
1276,203,1277,204,0,0,0.00011223036092733452
1277,1991,1278,1992,1,1,0.0012464941293366671
1279,4857,1280,4858,0,0,0.0003702952781094587
1282,4759,1283,4760,1,0,0.002053286751539929
1284,3552,1285,3553,1,1,0.000193469889304132
1287,3499,1288,3500,1,0,0.00035916509480904413
1288,3743,1289,3744,0,1,0.0008251706336788178
1291,4510,1292,4511,0,0,0.0002912893944827383
1297,3088,1298,3089,1,0,0.0003836044998312138
1298,802,1299,803,0,0,4.670422866004387e-06
1309,1603,1310,1604,1,0,0.00037771431421251833
1316,4838,1317,4839,0,1,0.0010534946154325264
1317,3224,1318,3225,0,0,0.0002020591638012409
1318,4589,1319,4590,1,0,2.0521555870178787e-06
1320,1562,1321,1563,0,0,7.173753767630853e-05
1322,4187,1323,4188,0,1,0.0001834460270300764
1323,264,1324,265,1,1,5.3243974526662186e-05
1330,1056,1331,1057,0,0,0.00043364239909116087
1332,2736,1333,2737,0,0,0.0005918686111278382
1333,2372,1334,2373,0,0,6.922448109469848e-05
1334,4943,1335,4944,1,0,0.0003345329095377769
1337,4247,1338,4248,1,1,0.00011250346856001014
1339,2286,1340,2287,0,0,4.3297841118006275e-05
1341,4802,1342,4803,1,0,8.827289213092504e-05
1343,4835,1344,4836,1,1,0.00010377323644983338
1350,162,1351,163,0,1,0.00029233919396623453
1351,2611,1352,2612,0,0,9.500437166920506e-05
1357,609,1358,610,1,1,9.180817081477777e-05
1358,4203,1359,4204,1,0,0.001984142839817904
1359,3358,1360,3359,1,0,0.0027261674592480023
1360,2233,1361,2234,1,1,0.0013223587471911102
1366,2843,1367,2844,1,1,0.00029123952945449977
1367,2993,1368,2994,1,1,0.0010861137150567357
1368,3095,1369,3096,1,1,6.177750259150905e-05
1370,4199,1371,4200,1,1,0.0001659059798190532
1372,4762,1373,4763,1,0,0.0001328213408193779
1376,2335,1377,2336,1,1,0.00022670209901298755
1377,1478,1378,1479,0,0,5.459235517557559e-05
1379,2160,1380,2161,0,1,1.5528936552433592e-05
1381,3628,1382,3629,1,0,0.0034060908540342605
1385,1153,1386,1154,0,1,3.465139434786352e-05
1386,3008,1387,3009,0,1,0.0025462221251636025
1389,1234,1390,1235,1,1,0.00021437792933756694
1394,4088,1395,4089,0,1,1.1577618526936728e-05
1395,2523,1396,2524,0,0,0.0001525503639007858
1398,2759,1399,2760,1,0,0.014811734982115576
1404,4723,1405,4724,1,0,0.00010689368042136969
1405,3125,1406,3126,0,1,0.0001512236220130858
1407,2173,1408,2174,1,1,7.282348232884317e-06
1410,2154,1411,2155,0,0,9.806743767176718e-05
1413,904,1414,905,0,0,0.0003357838488281528
1414,174,1415,175,1,0,9.014267824455913e-05
1423,1700,1424,1701,0,0,2.974303843106263e-05
1431,4273,1432,4274,0,0,9.514928904941211e-05
1440,3547,1441,3548,1,0,0.000549018807143975
1443,1991,1444,1992,1,1,0.00040449731213594575
1445,4676,1446,4677,1,1,0.001097668430502824
1449,1776,1450,1777,1,0,0.00029426400683426127
1453,2319,1454,2320,1,1,0.00018276308919107365
1455,1218,1456,1219,1,0,0.000627726614469859
1456,388,1457,389,1,0,0.001076483160448241
1463,1059,1464,1060,0,0,0.0002992427769651293
1466,4606,1467,4607,1,0,6.13919171892352e-05
1469,1043,1470,1044,1,1,1.891960452204966e-05
1471,1035,1472,1036,0,1,0.0011920462743579274
1475,4631,1476,4632,1,1,0.00026886402533587983
1481,1951,1482,1952,1,0,7.05646552092154e-05
1484,2203,1485,2204,0,0,0.00039242560227457923
1490,3393,1491,3394,0,0,0.000609845195917752
1492,4714,1493,4715,1,0,0.0007021021015795048
1493,3242,1494,3243,0,0,3.404289581737663e-05
1497,1459,1498,1460,0,0,0.00022359436442198621
1499,627,1500,628,1,1,5.764451851347774e-05
1500,1184,1501,1185,1,0,0.00015447497388820786
1509,1060,1510,1061,0,0,0.0011310616693085418
1510,3693,1511,3694,0,0,8.520697895117446e-05
1512,286,1513,287,0,0,1.1878931852560282e-05
1513,4694,1514,4695,1,0,2.5146909300111098e-05
1519,66,1520,67,0,1,0.0004931832961531935
1521,3224,1522,3225,0,0,0.00012143059387517696
1525,3347,1526,3348,0,0,6.414564050266636e-05
1526,4512,1527,4513,1,0,5.497876167770421e-06
1528,418,1529,419,0,0,0.00029111799554293327
1532,1081,1533,1082,0,0,0.0004709493594639014
1538,4643,1539,4644,0,1,6.777122629861299e-05
1542,4022,1543,4023,1,1,0.00034438200636444094
1546,3625,1547,3626,0,0,5.269748545931249e-05
1547,3592,1548,3593,0,0,0.00012879309574320708
1549,1264,1550,1265,0,0,0.00020114737772447544
1550,1043,1551,1044,1,1,0.00010738969163426315
1551,2701,1552,2702,1,0,0.0005576453392730496
1552,4534,1553,4535,1,0,9.86539738567771e-06
1553,1581,1554,1582,1,0,6.881482809917294e-05
1554,3399,1555,3400,0,0,0.0005394166567952233
1555,828,1556,829,0,1,0.0005170434121603007
1556,3570,1557,3571,1,1,2.1941313324003175e-06
1561,1273,1562,1274,0,0,0.000859506781618391
1563,2248,1564,2249,0,1,0.00010252852810621604
1564,3717,1565,3718,1,0,0.00011470513143407857
1566,4569,1567,4570,1,0,0.0001125669444603794
1567,3503,1568,3504,1,0,0.00011678123454333944
1568,825,1569,826,1,1,0.0003958025033377055
1570,2004,1571,2005,0,1,4.4034120622482575e-05
1571,3836,1572,3837,0,1,0.0003671635124398165
1575,4259,1576,4260,1,0,0.00011288189059476287
1576,2325,1577,2326,0,1,5.811312968417859e-05
1578,2035,1579,2036,1,1,0.00015522381052623935
1579,4363,1580,4364,0,1,7.382816920897817e-05
1582,974,1583,975,1,0,0.00023940924782195339
1584,537,1585,538,0,1,2.129613225578756e-05
1585,235,1586,236,0,0,9.189322952940504e-05
1587,2110,1588,2111,0,1,7.864201996876652e-05
1591,338,1592,339,1,1,0.0013585596326984306
1592,3546,1593,3547,1,1,3.742931439565389e-05
1595,3551,1596,3552,0,0,0.0063477212121894055
1597,4678,1598,4679,0,0,0.0010504448060251748
1602,2937,1603,2938,1,1,0.0002385332081960012
1606,110,1607,111,1,1,6.71160230084622e-05
1609,641,1610,642,0,1,0.00014706672764153161
1616,3560,1617,3561,1,1,0.0025875256872991137
1617,2350,1618,2351,0,1,0.0006200569865130873
1620,4231,1621,4232,0,1,0.00046964582839498226
1621,3636,1622,3637,1,0,0.00013527213175812403
1623,1183,1624,1184,1,1,0.0001788163819319566
1627,2323,1628,2324,0,0,4.7992822860165596e-05
1629,158,1630,159,1,0,0.0010419706532209805
1630,3864,1631,3865,1,1,3.078529654221285e-05
1634,2971,1635,2972,0,0,0.00038714982254850483
1637,122,1638,123,0,1,1.986161516576157e-05
1638,2456,1639,2457,0,0,0.00021963710960654081
1641,2146,1642,2147,0,1,6.543185110968741e-05
1643,3571,1644,3572,0,0,2.8291180339645727e-05
1651,3872,1652,3873,0,0,4.839153390240325e-05
1653,2228,1654,2229,0,1,3.229004195212659e-05
1654,1985,1655,1986,0,0,0.00020885113329849325
1658,3386,1659,3387,1,1,0.00029484016506253763
1660,1273,1661,1274,1,0,0.0001267866339521341
1663,3625,1664,3626,1,0,0.0011568676979248488
1664,617,1665,618,1,0,0.00011527508934261466
1666,3409,1667,3410,1,0,1.2542323886810536e-05
1667,3889,1668,3890,0,1,0.0001887065332601967
1670,4460,1671,4461,1,0,4.3436124964824074e-05
1671,329,1672,330,0,0,0.0001954771524806942
1674,1008,1675,1009,1,0,0.00023958435655346833
1675,3896,1676,3897,1,0,0.00019020688921522755
1676,4938,1677,4939,1,0,0.0002954731297520885
1677,4701,1678,4702,1,0,0.00012135388290401838
1679,2239,1680,2240,0,0,0.0001408101534095818
1681,2811,1682,2812,1,1,0.00014871548768735643
1684,585,1685,586,0,0,0.0011327686175941903
1686,798,1687,799,0,0,0.00043411285211281125
1690,139,1691,140,0,1,0.00025865902889804504
1692,689,1693,690,1,0,0.0003377620562698691
1695,3426,1696,3427,0,1,1.9022295430354275e-05
1696,2779,1697,2780,1,1,0.0002443879222508438
1697,1378,1698,1379,1,1,1.962361912355437e-05
1704,3075,1705,3076,0,1,0.00027775986984091006
1706,1596,1707,1597,1,1,0.0007798096117481168
1710,2528,1711,2529,0,0,0.00030791685019637693
1711,1145,1712,1146,1,0,1.3633721100969609e-05
1718,3603,1719,3604,0,1,9.51434433751619e-05
1724,2850,1725,2851,1,1,5.188667677114012e-05
1728,1254,1729,1255,1,1,0.0003582813975540611
1730,3016,1731,3017,0,0,3.7309044427225047e-06
1731,2448,1732,2449,1,0,6.869557530464476e-05
1732,1672,1733,1673,1,0,0.00014426496454023052
1733,2457,1734,2458,1,1,0.0003458205308783935
1737,1930,1738,1931,1,0,2.0634002274866337e-05
1738,953,1739,954,0,0,0.0005580541139824646
1739,2671,1740,2672,0,1,0.0006024528803896256
1742,3560,1743,3561,0,1,0.00020576087673111754
1744,84,1745,85,0,1,0.0001012403171097298
1753,1912,1754,1913,0,1,0.0005046917987532318
1756,2509,1757,2510,1,1,0.001353465837804546
1758,4152,1759,4153,0,0,0.00014475601951535744
1761,4227,1762,4228,0,1,0.0002775936657162248
1765,444,1766,445,1,0,0.0007090539785579719
1768,1601,1769,1602,0,1,0.00010632656197229196
1770,1610,1771,1611,0,1,0.0010237810033557615
1771,4496,1772,4497,0,1,8.752592609173604e-05
1772,1536,1773,1537,1,1,0.0001890745760869672
1773,4559,1774,4560,0,1,1.7581836107338766e-05
1780,585,1781,586,1,0,0.0030739518163448165
1781,3711,1782,3712,0,0,0.0001721547282994007
1782,1596,1783,1597,1,1,0.0009964056342219862
1783,1245,1784,1246,1,1,0.0005262761024555501
1784,663,1785,664,1,1,4.943607262306027e-05
1786,2705,1787,2706,0,1,0.00024596586629066497
1788,4937,1789,4938,0,1,0.00030847042214299236
1790,977,1791,978,1,0,3.593768001897146e-05
1794,4338,1795,4339,0,1,0.000277607688620396
1796,4714,1797,4715,0,0,0.006302457687715979
1797,1253,1798,1254,1,0,0.00021752708906610033
1798,1049,1799,1050,0,1,0.0002515253817178195
1799,3551,1800,3552,0,0,0.024879035203910882
1800,908,1801,909,1,0,0.0001292294638317315
1805,2047,1806,2048,0,0,0.0010037075583421984
1811,2850,1812,2851,0,1,0.0004416671728249
1814,1013,1815,1014,1,0,0.00024194051486814416
1815,127,1816,128,0,1,5.061511520820794e-05
1816,4267,1817,4268,0,1,0.00014186440608832118
1825,2313,1826,2314,1,0,5.1814482457682165e-05
1829,604,1830,605,0,1,7.362909515196137e-05
1830,1185,1831,1186,1,0,2.053234514987068e-05
1833,4948,1834,4949,1,0,1.8048507335943764e-05
1834,558,1835,559,1,0,4.3058703815754273e-05
1836,4306,1837,4307,1,0,0.0006435417917442926
1840,2203,1841,2204,1,0,0.0001250722711032548
1842,4056,1843,4057,1,1,1.734969301681044e-05
1843,2680,1844,2681,0,0,0.00031124491540390764
1846,3814,1847,3815,0,1,5.6445432447205235e-05
1849,1722,1850,1723,0,0,0.0009145418544274087
1854,3330,1855,3331,1,1,3.704093710554801e-05
1856,3081,1857,3082,1,1,0.00022422921903980653
1858,4312,1859,4313,1,0,0.0003750786938164774
1862,582,1863,583,0,1,7.513472784770325e-05
1866,3203,1867,3204,1,1,0.00024461812937409677
1867,750,1868,751,1,1,0.0005967005906337142
1868,3681,1869,3682,0,0,0.0014064653557869788
1869,1310,1870,1311,0,1,0.0003039127136965636
1871,4623,1872,4624,1,0,7.415084542461425e-05
1872,529,1873,530,0,1,0.00013014053234794432
1876,535,1877,536,1,0,0.00011090477281000544
1882,4889,1883,4890,1,0,2.3967088342957688e-05
1884,3649,1885,3650,1,0,2.1198911352549032e-05
1887,1273,1888,1274,1,0,0.00036559381650907996
1890,2077,1891,2078,0,1,0.00010920887328158546
1892,3905,1893,3906,0,0,0.04113141234993245
1893,1806,1894,1807,0,1,1.4632629250443951e-05
1894,2936,1895,2937,1,0,0.00022207498815873805
1896,1594,1897,1595,1,0,0.0007377370453379717
1898,3893,1899,3894,1,0,5.20144521631849e-06
1903,1203,1904,1204,1,1,0.0007716239869262065
1907,939,1908,940,1,1,0.00043198190376336765
1915,2085,1916,2086,1,1,0.0008425228669748652
1916,2688,1917,2689,0,0,0.0005397439912056962
1925,1910,1926,1911,1,0,0.00014072430165321115
1929,1851,1930,1852,0,0,0.00015714527707944015
1932,957,1933,958,0,1,3.631188394426221e-05
1934,3039,1935,3040,1,1,0.00010320479426739748
1935,3854,1936,3855,1,1,0.00020439147480699749
1936,4916,1937,4917,1,0,0.00010338480535043715
1938,864,1939,865,1,1,0.00036933116538850896
1939,2421,1940,2422,1,1,0.00018083035451835205
1941,3814,1942,3815,0,1,2.803822530106359e-05
1942,3665,1943,3666,0,1,6.84759234648169e-07
1943,4160,1944,4161,0,0,0.0022441101308440514
1944,3753,1945,3754,1,0,6.217502430239108e-06
1945,2113,1946,2114,0,0,5.941668461884042e-05
1946,2977,1947,2978,0,1,0.00022084129294314137
1952,605,1953,606,1,0,1.4587920529773868e-05
1956,4007,1957,4008,0,1,0.0007966856192586635
1959,3863,1960,3864,0,0,0.0001855956937751868
1960,2463,1961,2464,1,0,8.085087762621512e-06
1963,1918,1964,1919,1,0,0.00019732243980706988
1967,1006,1968,1007,1,0,0.0002158861648824395
1975,1740,1976,1741,1,1,0.0015033982412457209
1977,3565,1978,3566,0,0,0.0005510281116922755
1984,448,1985,449,1,1,0.0003144050938731491
1986,2736,1987,2737,1,0,1.6841035828579765e-05
1988,3546,1989,3547,0,1,0.00027782382221397395
1989,3769,1990,3770,1,0,0.02187764857453378
1992,1079,1993,1080,1,0,0.0005380782332293776
1993,2822,1994,2823,1,1,0.0002155101904920964
1995,2357,1996,2358,0,0,0.0002213121265557394
1999,2239,2000,2240,0,0,3.101564508578569e-05
2001,742,2002,743,0,1,3.761598225737739e-06
2002,873,2003,874,0,0,0.00046554279860655523
2003,4252,2004,4253,0,1,0.00031188951798712117
2008,4186,2009,4187,0,0,4.542977352756106e-05
2009,3769,2010,3770,1,0,0.02467783207641938
2012,3013,2013,3014,1,0,0.00014470653861337057
2015,2816,2016,2817,0,0,5.717228737678326e-05
2016,2178,2017,2179,0,1,0.00010241938481717061
2021,662,2022,663,1,0,0.00044362514293880273
2034,4842,2035,4843,1,1,0.00011894163060105489
2042,3905,2043,3906,0,0,0.0050556285612242124
2049,2699,2050,2700,0,0,1.8704104046252112e-05
2051,203,2052,204,1,0,0.00043494823907225255
2053,295,2054,296,1,0,5.037319493994552e-05
2054,4899,2055,4900,0,0,0.00021219237700620397
2060,256,2061,257,0,0,7.483441364575238e-05
2061,2779,2062,2780,0,1,0.00029465900329017636
2062,2280,2063,2281,1,1,2.097465721107028e-05
2063,2876,2064,2877,1,0,0.0007347016093726122
2064,2334,2065,2335,1,1,0.00031397140026967474
2065,223,2066,224,0,0,1.861737344310832e-05
2066,3298,2067,3299,0,0,4.4731624230132105e-05
2070,629,2071,630,1,0,0.0002940255643131273
2072,323,2073,324,1,0,6.954625820102672e-05
2073,4865,2074,4866,0,1,0.0006491124276308824
2075,338,2076,339,0,1,0.0016421633966103022
2076,286,2077,287,0,0,0.0004888075668786351
2079,1427,2080,1428,1,1,0.0001960248730868419
2081,388,2082,389,0,0,2.8183168408850434e-05
2082,4676,2083,4677,0,1,0.0004565988159595247
2084,338,2085,339,0,1,0.00025337075421399957
2086,2653,2087,2654,0,0,8.278232247604933e-05
2087,4121,2088,4122,1,0,1.5158983255103564e-05
2088,2983,2089,2984,0,0,0.00019834862201567605
2090,4682,2091,4683,1,1,4.243030402895087e-05
2091,2025,2092,2026,1,1,0.0003198708162465147
2093,3088,2094,3089,1,0,0.00022941782091956409
2096,457,2097,458,1,1,0.0003679069223610498
2097,256,2098,257,1,0,0.0003364737864142153
2099,455,2100,456,1,0,0.00034328750714922307
2103,3512,2104,3513,0,0,0.00018528972575604374
2104,256,2105,257,0,0,0.0002322491700281759
2106,2509,2107,2510,0,1,0.001072723943895404
2107,1913,2108,1914,0,1,0.00011856514356295422
2109,2436,2110,2437,1,0,0.00046719065920289293
2115,488,2116,489,0,0,2.652605384306783e-05
2117,2696,2118,2697,1,0,0.00016471242867910352
2118,3974,2119,3975,0,1,0.01869994965632088
2120,2978,2121,2979,0,0,0.00020456932440178488
2122,4944,2123,4945,1,0,0.00034821611655581897
2123,946,2124,947,1,1,0.0003094928911732131
2126,2774,2127,2775,1,0,0.0006411333508575812
2128,3684,2129,3685,1,0,8.013274796203618e-05
2131,4473,2132,4474,0,1,0.00043716186266817836
2134,1971,2135,1972,1,0,0.00034932466035364484
2136,2515,2137,2516,1,0,6.492165228810798e-05
2137,313,2138,314,0,0,0.0001339469709938923
2138,3042,2139,3043,0,0,0.00030146951773390995
2140,1691,2141,1692,1,1,0.0002557373023239773
2144,3673,2145,3674,1,1,0.0005287406157781227
2149,3628,2150,3629,1,0,0.0014853550513770353
2150,49,2151,50,0,1,0.0002514784228568878
2152,785,2153,786,0,0,0.0002963922480392345
2153,675,2154,676,1,1,1.563642009738686e-05
2159,4995,2160,4996,1,0,0.00021444454639664434
2165,585,2166,586,0,0,0.0007118153437808278
2171,2803,2172,2804,1,0,0.00022053915873550267
2174,4898,2175,4899,1,1,0.0036261562914365886
2176,2761,2177,2762,1,0,6.0593620764270995e-06
2177,1537,2178,1538,0,0,9.709090675846799e-05
2183,2730,2184,2731,1,0,0.0005484816112140412
2185,4535,2186,4536,1,1,3.1517340578518516e-05
2187,318,2188,319,1,1,4.974392294032626e-05
2188,547,2189,548,1,1,0.0001197596822626601
2189,4906,2190,4907,0,0,2.1420814104500252e-05
2195,444,2196,445,1,0,0.00035386945407350767
2201,1699,2202,1700,1,0,4.8987342834760916e-05
2205,1210,2206,1211,0,1,0.0002551679821222175
2206,2377,2207,2378,0,0,0.03477572817158192
2207,664,2208,665,0,1,6.284898381347936e-05
2208,2993,2209,2994,0,1,0.0004859995165641534
2209,3560,2210,3561,1,1,0.0008224941739852498
2210,1356,2211,1357,1,1,0.000413322793966886
2213,4491,2214,4492,1,0,9.342847812376931e-05
2218,1912,2219,1913,0,1,1.5713234311709456e-05
2220,4759,2221,4760,1,0,0.00043027380632931767
2222,4748,2223,4749,1,0,6.339009682421182e-05
2225,2969,2226,2970,0,1,0.00018067059157222606
2229,2175,2230,2176,0,0,0.00017695987803711954
2234,2139,2235,2140,1,1,0.0002079220447812613
2235,2954,2236,2955,0,0,0.0006716623871383387
2240,3169,2241,3170,1,1,6.27658104701001e-05
2242,4338,2243,4339,1,1,3.783559994463559e-05
2243,1178,2244,1179,1,0,0.000503470283314239
2244,3586,2245,3587,1,1,0.00028053042936337924
2246,2704,2247,2705,1,0,0.00011029969466896938
2249,3874,2250,3875,0,0,2.0412859166540898e-05
2251,3273,2252,3274,0,1,8.342933326777047e-05
2254,77,2255,78,0,1,8.062976179801229e-05
2255,3241,2256,3242,0,0,0.00045782195877303034
2256,3758,2257,3759,0,0,0.00020613736985064524
2258,2364,2259,2365,1,0,0.00014959756947741099
2260,4678,2261,4679,1,0,0.0005914051555839794
2263,3483,2264,3484,0,1,0.0005700130180354424
2264,3996,2265,3997,0,1,0.001046938825246882
2265,1694,2266,1695,1,1,0.0001060494679877011
2270,1401,2271,1402,1,1,2.9693097065186524e-05
2281,473,2282,474,1,1,2.327981676170099e-05
2284,1417,2285,1418,1,1,3.866994369516874e-05
2291,199,2292,200,1,1,0.00017432103136838517
2294,3685,2295,3686,1,1,0.00016725840046082074
2295,4994,2296,4995,1,0,0.00018139734042643685
2301,2401,2302,2402,0,1,0.00010014015047832281
2302,3039,2303,3040,0,1,0.0001540447793964561
2303,3459,2304,3460,0,0,6.845626861817777e-05
2305,82,2306,83,1,1,0.00013432855966655222
2306,4527,2307,4528,1,1,0.00013384060833687705
2308,2017,2309,2018,0,1,0.00030057102856924367
2312,2491,2313,2492,1,1,1.710045250480352e-05
2315,415,2316,416,1,0,0.0007901095848122097
2321,3008,2322,3009,1,1,9.335507416682876e-05
2322,4470,2323,4471,1,0,0.00022598744478286026
2330,3908,2331,3909,0,0,7.687089987384876e-05
2331,1037,2332,1038,1,1,0.00016613605925663855
2332,67,2333,68,0,0,0.000159907721763497
2333,567,2334,568,0,1,0.00023429915431684434
2337,4655,2338,4656,1,1,0.00026810408547073283
2338,3228,2339,3229,0,1,2.5619743794114136e-05
2339,4306,2340,4307,1,0,0.0006522324688245373
2340,286,2341,287,1,0,4.3351893820875453e-05
2342,1919,2343,1920,0,1,2.351976149039814e-05
2343,2813,2344,2814,0,1,0.0001276618696723908
2345,2776,2346,2777,1,0,0.00022596378966555086
2349,765,2350,766,1,0,1.2623395998105635e-05
2353,3224,2354,3225,0,0,0.00023875576143692068
2358,3687,2359,3688,0,0,0.00016746919558674467
2359,3266,2360,3267,1,0,1.6568150653817337e-05
2362,2542,2363,2543,1,1,0.00027453390282183854
2363,4415,2364,4416,1,1,0.00018833665511985842
2366,3094,2367,3095,0,0,9.770523446966939e-05
2367,2464,2368,2465,0,1,0.0001288496829226493
2371,3071,2372,3072,1,1,0.00011195918029371921
2374,1931,2375,1932,1,0,5.277345411514034e-05
2376,2579,2377,2580,1,0,5.620328927946616e-05
2378,1340,2379,1341,1,1,0.00042150769572960045
2380,857,2381,858,0,0,7.870562389855618e-05
2381,1004,2382,1005,0,0,9.182107853322741e-05
2382,2730,2383,2731,1,0,0.0005093105578481971
2384,2364,2385,2365,1,0,0.00014122276481198792
2387,1236,2388,1237,0,1,7.507364520939475e-05
2388,4811,2389,4812,0,1,0.0010102798060809826
2390,2605,2391,2606,0,1,0.005592255513031469
2392,4372,2393,4373,1,1,0.0012272112418894032
2393,2436,2394,2437,1,0,0.0002675021574590486
2394,4852,2395,4853,0,0,0.0002447777280008001
2395,957,2396,958,0,1,9.579951853500024e-05
2397,3608,2398,3609,1,1,0.002682841780876022
2398,3974,2399,3975,0,1,0.014417623292530879
2400,4917,2401,4918,0,0,0.00031837986203787916
2402,3360,2403,3361,0,1,0.0001929586658904192
2406,2233,2407,2234,0,1,0.0002889648539590173
2409,409,2410,410,1,0,8.373093291724754e-05
2410,2057,2411,2058,0,0,9.548603762232766e-05
2411,3510,2412,3511,0,0,9.942653034578086e-05
2412,1861,2413,1862,0,0,8.046761022295623e-05
2415,4227,2416,4228,1,1,6.01402228617709e-05
2416,348,2417,349,1,1,9.457414962192601e-05
2417,3212,2418,3213,0,0,0.0005885689786525594
2420,1515,2421,1516,1,1,0.00043383532643900824
2423,1740,2424,1741,1,1,0.0010705804481342673
2424,2906,2425,2907,0,0,2.752066997235847e-05
2427,793,2428,794,0,0,0.0002502058534084861
2428,2605,2429,2606,0,1,0.0029773416039805267
2429,4654,2430,4655,0,0,3.891649417941956e-06
2432,4389,2433,4390,0,0,0.0005173999922489791
2434,4880,2435,4881,0,0,0.0001808291450032251
2437,3214,2438,3215,0,0,0.00014700891294616714
2439,1478,2440,1479,1,0,5.216905187888088e-05
2440,915,2441,916,0,1,6.298981512453672e-05
2441,3363,2442,3364,1,0,0.00024735534975983686
2442,689,2443,690,1,0,0.0010298336588117352
2443,2247,2444,2248,1,0,0.00021785582442551688
2445,4186,2446,4187,0,0,0.00023651517720271742
2455,851,2456,852,1,1,0.00010206928317868348
2458,4910,2459,4911,1,0,8.968353583191369e-05
2460,1502,2461,1503,0,1,9.157480530141981e-05
2462,1104,2463,1105,0,1,0.0002961799217174113
2468,1050,2469,1051,0,0,0.00042193191724632095
2469,4001,2470,4002,0,0,0.00028515104725568285
2476,3070,2477,3071,0,1,0.00019205803434347787
2477,1184,2478,1185,0,0,0.005012092950843178
2482,1965,2483,1966,1,1,0.00011506773466096742
2483,3152,2484,3153,0,1,0.0007584921627635799
2486,1072,2487,1073,0,1,0.00032627720893296797
2488,4865,2489,4866,1,1,0.0006036298563852904
2489,3277,2490,3278,0,0,0.0013893131986771057
2493,3142,2494,3143,1,1,0.0002134218201053084
2500,3322,2501,3323,0,1,8.57166614977034e-05
2501,2533,2502,2534,0,1,0.0002071593789972348
2502,368,2503,369,1,0,0.0005896225605096506
2507,2071,2508,2072,0,0,0.0003235868068107717
2511,4656,2512,4657,1,1,0.00041760791709488654
2513,1219,2514,1220,1,1,0.0002963743717877415
2517,689,2518,690,1,0,0.0027655168138969732
2519,388,2520,389,1,0,9.169600701228187e-05
2520,1184,2521,1185,0,0,0.0022616274907751865
2521,3010,2522,3011,0,0,0.0007368379607956364
2526,3529,2527,3530,0,1,5.1317832462594026e-05
2530,1558,2531,1559,0,0,0.00025575823692260136
2532,889,2533,890,0,1,0.0005021609117881187
2534,2940,2535,2941,0,0,0.0002635037660297934
2535,689,2536,690,1,0,0.0005756197937628049
2541,81,2542,82,0,1,0.00011503466578072219
2543,1531,2544,1532,1,1,3.902196481186948e-05
2546,3636,2547,3637,0,0,0.00023198907096400045
2547,3503,2548,3504,0,0,3.089410569839801e-05
2548,1075,2549,1076,1,1,0.00011373274913395459
2549,4403,2550,4404,0,1,0.0018626358789498587
2552,4739,2553,4740,0,0,6.109347475125038e-05
2556,4935,2557,4936,0,1,0.0003743585638659175
2559,203,2560,204,1,0,0.0006661552764773426
2560,3974,2561,3975,0,1,0.010518549838497926
2561,3908,2562,3909,0,0,4.232257238978576e-05
2566,3653,2567,3654,1,1,0.000556038931809999
2568,2569,2569,2570,0,1,4.3953014203790275e-06
2570,4910,2571,4911,1,0,0.0001527478771777835
2571,2924,2572,2925,1,0,0.0004204776066608906
2573,4626,2574,4627,0,0,0.00012512441117995543
2575,3749,2576,3750,1,0,0.00013889860444080138
2576,3409,2577,3410,0,0,5.1456041872399716e-05
2580,783,2581,784,1,0,2.3032389155852595e-05
2584,2018,2585,2019,0,0,0.0002408532568168309
2585,2199,2586,2200,0,0,4.498779518125051e-05
2587,1965,2588,1966,0,1,0.0004402636808574778
2588,2838,2589,2839,1,0,0.0002502563517914336
2589,4936,2590,4937,0,1,0.0001311966521382324
2590,384,2591,385,0,1,0.0004168607988936923
2592,1250,2593,1251,0,0,0.0002946401197984347
2599,914,2600,915,0,1,0.0007325414908083694
2600,2000,2601,2001,1,0,0.00014393045678395833
2601,2639,2602,2640,0,0,4.499558597573228e-05
2604,2773,2605,2774,1,1,0.0001765568442989307
2606,3203,2607,3204,0,1,0.00029818198260311846
2609,1680,2610,1681,0,0,0.00014073081876375682
2612,3556,2613,3557,1,0,0.00010104157994039742
2614,919,2615,920,0,0,0.00014682500181265046
2616,3624,2617,3625,1,0,7.58468888633762e-05
2618,94,2619,95,0,1,0.00023047579653190375
2620,745,2621,746,0,0,0.00031143243452158575
2621,2425,2622,2426,1,0,0.00026936064388749514
2622,3900,2623,3901,1,0,7.122544844062606e-05
2623,3400,2624,3401,1,0,0.00033448534522162454
2625,735,2626,736,0,0,5.856596959774585e-05
2626,1881,2627,1882,1,1,0.00020531683713589932
2629,4870,2630,4871,1,0,0.0010720072448863194
2630,2216,2631,2217,1,1,4.28293513986544e-05
2633,3980,2634,3981,1,1,0.00015249848112419695
2634,2564,2635,2565,0,1,0.00021067842268455983
2638,78,2639,79,0,0,3.5993740199469215e-06
2640,2196,2641,2197,1,1,0.00010998452115434931
2643,2751,2644,2752,0,0,9.408710429648082e-06
2644,2456,2645,2457,1,0,0.00017300395699793025
2645,4168,2646,4169,0,0,0.0005671758171170715
2646,1954,2647,1955,0,0,1.2222794639749068e-05
2647,3512,2648,3513,1,0,0.0002586958122213212
2648,2795,2649,2796,0,0,4.160745931330867e-05
2650,1371,2651,1372,1,0,3.952874050305866e-08
2663,3203,2664,3204,1,1,6.47556760963175e-05
2668,1722,2669,1723,1,0,0.000230721768586295
2669,3473,2670,3474,0,1,0.00012078057797071384
2672,3046,2673,3047,0,0,0.00014457634201359149
2674,999,2675,1000,0,1,6.497279652062371e-05
2675,3892,2676,3893,1,1,0.00024875076885932934
2676,1415,2677,1416,1,0,8.477067024403873e-05
2677,1923,2678,1924,1,0,0.00013913734723325355
2682,3078,2683,3079,1,1,0.0008641814492609812
2683,1801,2684,1802,0,0,0.00031711040127346823
2685,14,2686,15,0,0,0.00024753349899153676
2686,4493,2687,4494,1,1,0.0031945711701373697
2687,2593,2688,2594,0,0,0.0002929175525113181
2689,2490,2690,2491,1,1,0.00015694112910979996
2694,1408,2695,1409,0,1,0.000268503773262041
2698,519,2699,520,0,1,3.925350343436662e-06
2702,1640,2703,1641,1,0,4.2689896233572e-05
2706,287,2707,288,1,1,0.00015261610600136866
2707,1895,2708,1896,0,1,4.6066377262871105e-05
2713,1250,2714,1251,1,0,0.00037300648810965984
2714,1835,2715,1836,0,1,2.3838602309644852e-05
2717,319,2718,320,0,0,0.0002576247648008456
2718,2300,2719,2301,0,0,0.00014210628497729472
2719,842,2720,843,0,0,0.000444784037308521
2722,1921,2723,1922,1,1,0.0001019621943936233
2724,1517,2725,1518,1,0,0.00048371611599373754
2728,3165,2729,3166,0,1,8.526772001160587e-05
2737,2350,2738,2351,1,1,5.374316223261122e-05
2740,2147,2741,2148,1,0,6.81130162279997e-05
2748,2862,2749,2863,1,0,8.587943843063606e-06
2750,2822,2751,2823,0,1,0.0003564408156801896
2753,1605,2754,1606,1,0,0.00038531709861197583
2755,3248,2756,3249,1,0,0.0002574398901147301
2758,3241,2759,3242,0,0,9.124626691747739e-05
2762,2361,2763,2362,0,1,0.00017737508539428237
2766,2314,2767,2315,0,0,0.0001880583901989752
2782,4795,2783,4796,1,0,0.0004041865884299445
2784,4583,2785,4584,1,0,6.664181785556722e-05
2785,3969,2786,3970,1,1,7.189484758257647e-05
2787,2805,2788,2806,0,1,1.6432932923915455e-05
2791,1740,2792,1741,1,1,1.8908252471742937e-05
2794,2448,2795,2449,0,0,4.2528350758685995e-05
2800,1533,2801,1534,0,0,0.00020521858346850275
2801,1299,2802,1300,1,1,0.00016352236390837493
2802,2937,2803,2938,1,1,0.00020532562649822061
2804,819,2805,820,1,1,2.4971581978561197e-05
2808,3017,2809,3018,1,0,0.0002356715733630027
2815,1183,2816,1184,0,1,0.0008047529572766665
2817,1203,2818,1204,0,1,0.0008310690370887386
2818,4754,2819,4755,1,0,5.0412547983436085e-05
2820,896,2821,897,1,0,0.00017933686544732708
2827,585,2828,586,1,0,0.0025288481862877077
2829,1338,2830,1339,0,0,1.5495752125671558e-05
2832,988,2833,989,0,1,7.861776175044355e-05
2833,360,2834,361,0,0,0.0003334535542797168
2834,3212,2835,3213,0,0,0.0009552408944817348
2835,47,2836,48,0,0,0.00032117426242667113
2839,4115,2840,4116,1,1,9.646273466279442e-05
2840,3152,2841,3153,1,1,0.00030514680759985424
2844,3516,2845,3517,0,1,0.0008577352647890502
2846,984,2847,985,1,1,9.354438513742291e-06
2852,675,2853,676,1,1,4.4733790092843506e-05
2856,4714,2857,4715,1,0,0.004092946853788915
2859,1006,2860,1007,1,0,0.0001607338809473946
2860,2848,2861,2849,0,0,0.00014208759362333012
2865,970,2866,971,1,0,9.176317526282673e-06
2868,1402,2869,1403,1,0,0.0002177027344061333
2869,4604,2870,4605,0,1,0.00020017549029960335
2873,4168,2874,4169,1,0,0.00010923918901090124
2877,1488,2878,1489,0,0,0.00029855843719206465
2878,1175,2879,1176,0,0,9.096349932213865e-05
2880,3624,2881,3625,1,0,0.0005254581521067503
2882,3248,2883,3249,1,0,0.00025283702746936587
2886,4602,2887,4603,0,0,0.0002744902300730323
2887,2953,2888,2954,0,1,0.0002285435763305088
2891,4805,2892,4806,1,1,0.0001952330352505971
2901,23,2902,24,1,0,5.018726630101611e-05
2905,1991,2906,1992,0,1,4.938831791898024e-05
2912,2658,2913,2659,0,1,0.0002793542032213936
2913,4831,2914,4832,0,1,8.791827313736622e-05
2914,4412,2915,4413,0,1,8.6004344935664e-05
2915,3193,2916,3194,1,0,0.0009392800042593158
2916,4440,2917,4441,1,1,0.0005460431428088441
2917,4735,2918,4736,1,1,3.481650479142395e-05
2918,15,2919,16,0,1,0.0015855649462990784
2926,2092,2927,2093,0,0,0.0014919555476751167
2929,1154,2930,1155,0,1,7.913342708576465e-05
2931,510,2932,511,1,1,0.00037591874998654795
2932,953,2933,954,1,0,6.886178756315697e-05
2935,4410,2936,4411,1,1,0.0015784280654713712
2938,541,2939,542,1,1,0.0004505577170215158
2941,3628,2942,3629,1,0,4.188091326079446e-05
2946,1259,2947,1260,1,1,8.44138936373362e-06
2947,3069,2948,3070,0,0,1.0014883734310587e-05
2948,3616,2949,3617,0,0,7.444463463712747e-05
2949,2780,2950,2781,0,1,1.195367012829518e-05
2952,4789,2953,4790,0,0,0.00016688456619384784
2960,5,2961,6,0,1,3.3743909338634914e-05
2963,2759,2964,2760,0,0,0.024229179280253477
2964,2730,2965,2731,1,0,0.00022985679643258705
2968,338,2969,339,0,1,0.0018448168604287274
2976,1508,2977,1509,1,1,2.0049744656025492e-05
2982,1050,2983,1051,1,0,0.0005989096061855825
2984,2764,2985,2765,0,0,0.00025243486443735086
2987,3628,2988,3629,0,0,0.0017784454540806793
2989,3418,2990,3419,0,1,0.0005785900571197711
2997,4722,2998,4723,1,0,0.0001544184386521874
2999,2352,3000,2353,0,1,0.00012197069479041867
3000,2930,3001,2931,0,0,0.00021077162827343177
3001,1159,3002,1160,0,0,0.0010454173239593523
3003,4407,3004,4408,1,1,6.015649805723999e-05
3006,4901,3007,4902,0,1,2.3236757933420282e-05
3007,3207,3008,3208,1,1,9.682604845823173e-07
3011,3786,3012,3787,0,0,0.0002104229830073301
3014,2028,3015,2029,1,1,0.0002790068868077922
3019,2454,3020,2455,1,0,0.00019388424005722937
3023,4862,3024,4863,0,1,1.4282107467011862e-05
3026,1683,3027,1684,0,0,2.5314903805584432e-05
3027,1503,3028,1504,1,1,2.4871146370841757e-05
3028,1694,3029,1695,1,1,6.929331610577849e-05
3030,1838,3031,1839,1,0,1.2601336310424927e-05
3033,1313,3034,1314,1,1,4.571686699911259e-05
3035,4049,3036,4050,0,0,8.171959373248772e-05
3037,4493,3038,4494,0,1,0.0007418113156036632
3038,842,3039,843,0,0,0.00031909658046430645
3040,1680,3041,1681,0,0,3.413986801936719e-05
3043,248,3044,249,0,1,3.705324604541538e-05
3044,1137,3045,1138,0,0,0.00026092179607684063
3048,930,3049,931,0,1,3.5621318072109887e-05
3051,3632,3052,3633,0,0,0.0001952003341318953
3054,3974,3055,3975,0,1,0.005205307621376609
3062,3516,3063,3517,0,1,0.0008633393341270224
3065,4661,3066,4662,1,0,0.000466932542032894
3079,3224,3080,3225,1,0,0.00013137980402201654
3080,3902,3081,3903,0,0,0.0005686288551667584
3082,3279,3083,3280,1,1,0.00020570968735333928
3084,2267,3085,2268,0,1,6.209495280395938e-05
3086,3996,3087,3997,0,1,0.000586984790818687
3092,2094,3093,2095,1,0,0.0002709702660690372
3093,1594,3094,1595,0,0,5.336879865480704e-05
3096,1793,3097,1794,1,1,0.0002271759101632742
3098,1844,3099,1845,1,0,1.1865985131087609e-05
3100,1159,3101,1160,0,0,0.00115862009768386
3102,149,3103,150,0,0,2.4044092898550806e-05
3103,2179,3104,2180,1,0,0.0002515817655097674
3110,1402,3111,1403,1,0,0.0002610788527470653
3111,3813,3112,3814,1,0,1.1165114913141982e-05
3112,1344,3113,1345,0,1,6.799568787396737e-05
3113,4717,3114,4718,0,0,0.0003241186475086977
3116,3241,3117,3242,1,0,0.00029431823374498345
3120,4775,3121,4776,1,0,0.00010541248966017269
3122,4699,3123,4700,1,0,0.0003369122679930392
3127,2350,3128,2351,1,1,0.00014147660762663106
3128,510,3129,511,0,1,0.00014732783901855173
3132,4252,3133,4253,0,1,7.38290929196278e-05
3133,614,3134,615,1,0,1.6843439825428574e-05
3134,1293,3135,1294,0,0,5.997317306727368e-05
3135,3592,3136,3593,1,0,0.00010587407485596056
3137,2759,3138,2760,1,0,0.00313149197638124
3138,4058,3139,4059,0,0,4.8819554367973694e-06
3139,471,3140,472,1,1,0.0001266999000775204
3140,79,3141,80,1,0,8.45743683381972e-05
3146,1488,3147,1489,1,0,0.0007042283422763473
3147,2059,3148,2060,0,0,0.00036729634458210203
3149,750,3150,751,1,1,4.099072269919679e-05
3153,323,3154,324,0,0,0.000137959747535929
3154,3971,3155,3972,1,1,0.0006632133378850769
3156,4740,3157,4741,0,1,0.0005153392533843171
3158,4497,3159,4498,1,1,5.342270124719661e-06
3161,2485,3162,2486,0,0,0.0006924394213330132
3163,2320,3164,2321,0,1,0.00024613987064625586
3167,2275,3168,2276,1,1,0.00010625297255723032
3170,2470,3171,2471,0,0,8.289977761000156e-05
3171,3081,3172,3082,1,1,0.00014120632356667828
3174,2004,3175,2005,0,1,6.201144508355405e-05
3175,4384,3176,4385,1,1,0.0005406468837834688
3176,4884,3177,4885,0,0,5.6386214754677866e-05
3177,3972,3178,3973,0,0,0.00023595861365310888
3178,39,3179,40,0,0,0.0002949275263825768
3179,4515,3180,4516,0,0,0.00028382088428646757
3185,3653,3186,3654,1,1,0.0006485809670777609
3194,1245,3195,1246,0,1,0.0003943417352621076
3195,1056,3196,1057,1,0,0.0003638711501188219
3200,3029,3201,3030,0,0,8.062768578609436e-05
3202,2954,3203,2955,1,0,0.00021395206600971495
3206,662,3207,663,1,0,8.95137067975782e-05
3209,1764,3210,1765,1,1,0.00015835466677285165
3211,4451,3212,4452,0,1,0.0002940130340756131
3213,2670,3214,2671,1,0,7.153701827639081e-05
3215,295,3216,296,0,0,0.0003803715154083731
3217,1081,3218,1082,1,0,6.646196512222202e-05
3218,3060,3219,3061,1,0,2.3447786418051564e-07
3219,138,3220,139,1,1,2.6075184896279247e-05
3221,314,3222,315,0,0,0.00012075139433675997
3226,1061,3227,1062,0,0,0.00016027356339376464
3229,3130,3230,3131,1,0,1.3963191780819173e-05
3230,2741,3231,2742,1,0,8.157516395868036e-05
3231,338,3232,339,1,1,0.0013636455099141909
3235,825,3236,826,0,1,0.0005117379611124795
3237,1895,3238,1896,1,1,0.0006072109565014583
3245,1523,3246,1524,0,0,0.0001113985102758619
3247,1793,3248,1794,0,1,2.1456324085789014e-05
3249,2197,3250,2198,1,0,0.0016314623263880002
3250,1190,3251,1191,0,1,6.491964314192522e-05
3251,2813,3252,2814,0,1,3.3658174096812266e-05
3252,874,3253,875,0,0,0.0016252707564986257
3253,3631,3254,3632,1,1,1.710096775064951e-05
3259,874,3260,875,0,0,0.002348559251668103
3260,1860,3261,1861,1,1,4.311521484762215e-05
3261,3902,3262,3903,0,0,0.00026343809131225415
3265,1659,3266,1660,1,1,1.523439306194696e-05
3269,4969,3270,4970,0,0,0.00020952173703114862
3271,3813,3272,3814,1,0,0.0005983706855113846
3272,1438,3273,1439,0,1,9.528808519898568e-06
3275,3222,3276,3223,0,0,0.0003075594925133762
3281,2059,3282,2060,1,0,0.0003458013000364052
3282,3198,3283,3199,1,0,0.00012952609955588223
3283,1483,3284,1484,1,1,0.00033024961941291453
3285,769,3286,770,1,0,2.0260318602804972e-05
3286,504,3287,505,0,0,0.00012023893200771574
3288,2114,3289,2115,0,1,0.00047044354763875473
3289,275,3290,276,0,1,0.00019497004613044933
3291,672,3292,673,0,0,0.0003322972812128677
3292,3980,3293,3981,0,1,0.000124008640207951
3293,1971,3294,1972,0,0,0.00020299019057201662
3294,4496,3295,4497,1,1,3.862670352283715e-05
3299,73,3300,74,0,1,0.0008696062873808641
3301,808,3302,809,0,1,5.247686827547504e-05
3306,448,3307,449,1,1,0.00035520402535310636
3308,528,3309,529,1,0,0.00012897578127635256
3309,1234,3310,1235,1,1,0.0006114156384171565
3310,3126,3311,3127,0,0,0.00011422103819058727
3311,4127,3312,4128,0,0,5.437463659130337e-05
3312,1665,3313,1666,1,0,0.0007960381795147631
3315,3358,3316,3359,1,0,0.0011507865117796612
3316,4356,3317,4357,1,0,0.0005397925202309528
3317,850,3318,851,1,1,0.0011880184869253602
3329,73,3330,74,1,1,0.0004068665029852703
3331,3947,3332,3948,1,1,0.00015944949599802638
3333,1264,3334,1265,1,0,4.360848181075849e-05
3334,3847,3335,3848,0,0,0.0001444509545357464
3337,2233,3338,2234,0,1,0.001340980697386418
3339,4751,3340,4752,0,0,5.09277779852102e-05
3348,592,3349,593,0,1,0.0008080976327433653
3350,3242,3351,3243,1,0,0.0006244986374633332
3351,2605,3352,2606,1,1,0.0009903278306503949
3356,4981,3357,4982,0,0,0.00019668091464980497
3359,586,3360,587,1,0,1.6194933775803833e-05
3362,554,3363,555,0,1,0.0006533944962083035
3364,3545,3365,3546,1,1,2.3397448133399834e-06
3366,1688,3367,1689,0,0,0.0005523677858215725
3369,861,3370,862,1,0,0.00010911440541261364
3371,1996,3372,1997,0,1,2.163606030347598e-05
3373,3452,3374,3453,1,1,0.00016635647218699035
3380,3974,3381,3975,1,1,0.02146210855687336
3382,3738,3383,3739,0,0,6.235539234111798e-05
3383,3314,3384,3315,0,0,0.0009648077993312382
3384,663,3385,664,1,1,2.245115541704701e-05
3385,259,3386,260,0,0,0.00014300872524503072
3389,1763,3390,1764,1,0,0.00016054019343214598
3390,3893,3391,3894,0,0,0.00047899074850543677
3392,4689,3393,4690,1,0,6.2076784350662e-05
3397,3150,3398,3151,1,0,0.0003794800294741607
3402,1060,3403,1061,0,0,0.0009798133105412
3404,2783,3405,2784,1,0,4.26759459966064e-05
3407,4202,3408,4203,0,0,7.50342597727327e-05
3408,3525,3409,3526,0,0,0.0004830731295564217
3412,2325,3413,2326,1,1,0.00013760953209662752
3413,1340,3414,1341,1,1,0.00014724636734740615
3415,1224,3416,1225,1,1,0.000323261683283782
3416,4367,3417,4368,0,0,0.00024280642178764467
3420,2385,3421,2386,0,0,0.000369373414935259
3421,3064,3422,3065,1,1,0.000182020904408553
3422,3513,3423,3514,0,1,0.00012067991832587222
3425,2764,3426,2765,1,0,0.00017910010680875776
3429,4586,3430,4587,0,0,2.0268378552179556e-05
3430,482,3431,483,0,0,4.858400036736321e-06
3433,3653,3434,3654,1,1,8.940480259825301e-05
3434,4438,3435,4439,1,1,0.0002861968303569662
3435,2328,3436,2329,0,1,0.00024020811751276905
3436,4179,3437,4180,1,1,3.438523789378589e-05
3438,2421,3439,2422,1,1,9.234512245617776e-05
3440,3763,3441,3764,1,0,8.416665233376697e-05
3442,2711,3443,2712,1,1,1.2732431180606518e-05
3447,1411,3448,1412,1,1,5.7017227838240814e-05
3453,4418,3454,4419,0,1,0.0003545837931141216
3454,4925,3455,4926,1,1,0.0001082202409370403
3455,2219,3456,2220,0,1,2.748140194253068e-05
3457,1073,3458,1074,0,1,6.307813064432288e-06
3458,4740,3459,4741,1,1,0.00023845273287748103
3461,22,3462,23,0,0,6.719886822159626e-05
3463,928,3464,929,1,0,0.005705645654413477
3464,3417,3465,3418,1,0,8.228479907235187e-05
3466,3145,3467,3146,0,0,1.4508427872469108e-05
3467,294,3468,295,1,1,0.00014229358311479423
3472,1207,3473,1208,1,1,0.0003786935240742695
3474,1218,3475,1219,0,0,0.0007395446263987471
3478,4170,3479,4171,0,0,0.00028005876106507177
3481,3628,3482,3629,0,0,0.0006138243203613336
3484,2531,3485,2532,0,0,0.0008406870408445843
3485,110,3486,111,0,1,9.50096223021335e-05
3487,1262,3488,1263,1,1,1.5037299977760377e-05
3488,4678,3489,4679,1,0,0.0004924663209742719
3491,4846,3492,4847,0,1,1.4813634465593584e-05
3493,1766,3494,1767,0,1,0.0001686242868663701
3494,4833,3495,4834,1,0,0.0006365798247044419
3496,3925,3497,3926,1,0,0.0010881718622769987
3501,737,3502,738,1,0,7.116580186594668e-05
3502,1153,3503,1154,1,1,0.0003912856169306367
3506,3418,3507,3419,0,1,0.000731618825528052
3507,324,3508,325,1,0,0.00011459293819859884
3508,3893,3509,3894,1,0,2.8691451353868302e-05
3511,4664,3512,4665,0,0,0.00013892799284770385
3517,793,3518,794,1,0,0.00024005998181103605
3518,2977,3519,2978,0,1,0.0001844210500343002
3520,3107,3521,3108,0,1,0.0005565815016631585
3523,4586,3524,4587,0,0,4.5092256431233935e-05
3524,44,3525,45,1,0,0.0005851966595897817
3526,4187,3527,4188,1,1,0.0004129254433155871
3527,1236,3528,1237,1,1,0.00011718251243789113
3530,2884,3531,2885,1,0,2.9042180091198855e-05
3536,611,3537,612,0,0,6.560397237814763e-05
3537,2025,3538,2026,0,1,0.00018274523605954496
3538,4396,3539,4397,0,0,0.00011821521180993555
3539,3721,3540,3722,1,1,0.0002524187255890098
3541,2759,3542,2760,0,0,0.000490013065625905
3542,1271,3543,1272,0,1,2.1191357010730272e-05
3543,4865,3544,4866,1,1,0.0006031212472552006
3549,4058,3550,4059,0,0,3.230169854351317e-05
3557,1203,3558,1204,0,1,0.0006100703712415001
3559,2954,3560,2955,1,0,0.0004534954002233249
3567,4726,3568,4727,0,0,6.564663473118681e-05
3568,44,3569,45,0,0,0.0005182812744699561
3573,1380,3574,1381,1,1,0.0006370732683396163
3574,985,3575,986,1,0,0.0003171327307729399
3575,1321,3576,1322,1,0,6.991230189767883e-06
3577,2040,3578,2041,0,1,0.00010548552051678137
3588,3805,3589,3806,1,1,5.030601457228778e-05
3589,1345,3590,1346,1,0,0.00035425531884591965
3590,1285,3591,1286,1,1,2.3309311574459812e-05
3593,338,3594,339,1,1,0.0012631630708417607
3594,874,3595,875,0,0,1.8222240572240977e-05
3595,2238,3596,2239,0,1,0.00010009737746463632
3600,4865,3601,4866,0,1,0.0006909826231268068
3601,1090,3602,1091,1,1,0.00048572350647646534
3602,3791,3603,3792,0,0,0.00024236099830465818
3604,2565,3605,2566,1,0,0.0003056981978646345
3605,3056,3606,3057,1,1,2.829092036837899e-05
3607,4434,3608,4435,1,0,3.857638900602034e-05
3609,3449,3610,3450,0,1,0.0001776057279605503
3611,247,3612,248,1,0,0.00036617135732663897
3614,3254,3615,3255,0,1,3.4477154337908544e-05
3615,3608,3616,3609,0,1,4.63746574060897e-05
3617,4306,3618,4307,0,0,1.0174988056055323e-05
3621,515,3622,516,1,0,4.224134255520484e-06
3627,4961,3628,4962,0,1,0.0007967301270044164
3629,3125,3630,3126,1,1,0.00045299881789348517
3630,3801,3631,3802,1,1,2.5423229886967214e-05
3635,88,3636,89,0,1,0.00011495387427234993
3637,3871,3638,3872,0,0,0.00010880491570791628
3638,1286,3639,1287,0,1,0.00010381292515626583
3640,457,3641,458,1,1,0.00021455641183276697
3642,947,3643,948,1,0,9.826844476590324e-05
3643,4207,3644,4208,0,1,0.00010735837722974928
3645,4938,3646,4939,1,0,0.0008259083751116503
3646,1380,3647,1381,1,1,0.00034258811526188815
3647,451,3648,452,1,1,0.00012911616778144008
3650,2200,3651,2201,0,1,0.00019632429427671183
3656,3653,3657,3654,1,1,0.0006602220507632428
3658,913,3659,914,1,1,0.00013161456751531464
3659,763,3660,764,0,1,0.00011832364159899966
3660,1888,3661,1889,0,0,6.52325275488641e-05
3662,4219,3663,4220,0,1,0.0001785407922860749
3663,4522,3664,4523,0,0,0.00025722871886335597
3664,195,3665,196,1,1,0.0003113342177349099
3669,1468,3670,1469,1,1,0.0005092495678749032
3672,1965,3673,1966,1,1,0.0007625634492109956
3676,4574,3677,4575,1,0,0.00010840311165127847
3688,2822,3689,2823,0,1,6.971584636819919e-05
3690,1235,3691,1236,0,0,0.0006804894741407538
3694,3126,3695,3127,0,0,5.265174562341102e-06
3696,216,3697,217,1,1,0.00013927332339838672
3699,2699,3700,2700,0,0,0.00017314541616597623
3703,1004,3704,1005,1,0,0.00010215581551659136
3708,3587,3709,3588,0,1,0.0012710394632411415
3709,4924,3710,4925,1,1,0.001145247559130702
3713,1067,3714,1068,0,0,3.5523367149181695e-05
3726,2078,3727,2079,0,1,0.00026744077809670586
3727,3763,3728,3764,1,0,0.00066120360937727
3730,2595,3731,2596,0,1,0.0005439731182146357
3732,1184,3733,1185,0,0,0.0033792745045821138
3740,2843,3741,2844,1,1,0.00025564248729136735
3741,265,3742,266,1,0,0.015095178348168647
3744,3223,3745,3224,1,1,9.359350528406751e-05
3754,1488,3755,1489,0,0,0.0008422977971634937
3755,32,3756,33,1,1,1.705423373432602e-05
3756,2996,3757,2997,1,0,0.0002535202110971746
3762,2605,3763,2606,0,1,0.0008030791699717432
3764,3653,3765,3654,1,1,2.8627061875730053e-06
3771,2237,3772,2238,0,1,7.802837105541638e-05
3772,1685,3773,1686,0,1,9.442656046995679e-05
3773,825,3774,826,1,1,0.00012041855300570781
3774,3661,3775,3662,0,0,3.348151335869076e-05
3776,842,3777,843,0,0,0.0005915709523289236
3778,4384,3779,4385,0,1,0.00025138261701590503
3782,4721,3783,4722,0,0,6.47967354291401e-05
3784,1375,3785,1376,1,1,0.00015176932768884432
3785,664,3786,665,1,1,0.0001282713553132364
3787,415,3788,416,1,0,0.00033697272877329654
3788,3341,3789,3342,0,1,0.0002498127210630585
3790,1435,3791,1436,0,1,1.8586163768180564e-05
3796,4831,3797,4832,0,1,0.00012996606196105653
3797,294,3798,295,1,1,0.000189286097082908
3804,818,3805,819,1,0,0.00020899579583683048
3810,415,3811,416,0,0,0.00019275140164935756
3811,1899,3812,1900,1,0,0.00016226282941717018
3815,2545,3816,2546,0,1,5.363711466932486e-05
3816,1645,3817,1646,0,0,9.605717955352144e-05
3817,851,3818,852,1,1,0.0002515940154965331
3820,1749,3821,1750,1,1,0.0001072943348987554
3824,785,3825,786,0,0,7.678418348922023e-06
3826,29,3827,30,1,1,0.00025743211121986853
3827,3544,3828,3545,0,1,0.00019732095324376253
3828,4515,3829,4516,0,0,0.00035103057341123733
3829,4498,3830,4499,0,0,0.00013960574354687783
3830,4385,3831,4386,0,0,0.00029300130855169915
3834,1184,3835,1185,0,0,0.0004925936021619726
3837,3940,3838,3941,1,1,3.583713440746816e-05
3838,3721,3839,3722,0,1,0.0002665091592632951
3839,611,3840,612,1,0,0.00037520996680923124
3840,1787,3841,1788,1,1,0.0002242869983254403
3841,2670,3842,2671,0,0,0.0002950622148449322
3842,1665,3843,1666,0,0,4.5164983560608274e-05
3846,1459,3847,1460,0,0,0.00042522934341537866
3848,734,3849,735,1,1,4.0710103989389373e-05
3851,2467,3852,2468,1,0,0.00015832171191379474
3852,3076,3853,3077,1,1,8.703823801092803e-05
3855,4507,3856,4508,1,1,0.0001482343432269717
3858,4298,3859,4299,0,0,2.927901848026604e-05
3865,1891,3866,1892,0,1,0.0003752877530597276
3866,4201,3867,4202,0,0,2.6402771202693742e-05
3867,3058,3868,3059,1,1,0.0013735615424500525
3875,4947,3876,4948,0,0,0.0004848985700854902
3876,3801,3877,3802,1,1,4.5308041491803897e-05
3877,3521,3878,3522,1,0,7.308305278952432e-05
3878,1927,3879,1928,0,0,9.865867450103982e-05
3880,1420,3881,1421,0,0,0.0004756926997693256
3881,1527,3882,1528,0,0,0.00022499884251292457
3882,1619,3883,1620,1,1,0.00019074383520767402
3883,2179,3884,2180,0,0,1.0842833327195933e-05
3884,4855,3885,4856,0,1,5.705549624535067e-05
3885,212,3886,213,1,1,0.0002313537676698063
3894,1473,3895,1474,1,1,0.000267822053020228
3895,4231,3896,4232,0,1,8.494890778742992e-05
3898,3125,3899,3126,1,1,0.00012572485996878435
3901,3544,3902,3545,0,1,6.838835535327714e-05
3903,3050,3904,3051,1,1,5.473677101830443e-05
3910,623,3911,624,1,1,0.0001619666553223098
3911,1603,3912,1604,0,0,0.00034679290088512893
3913,3353,3914,3354,0,1,0.00013240965604710553
3917,1238,3918,1239,0,1,0.0008839227287324447
3918,2495,3919,2496,1,0,0.00021531754546932902
3920,2320,3921,2321,1,1,0.0007575494373321945
3923,2050,3924,2051,1,0,4.759575387036641e-06
3924,189,3925,190,1,0,0.00019056791268762252
3927,3393,3928,3394,1,0,0.00018178833823209728
3930,123,3931,124,0,1,0.0001730080491280095
3931,1303,3932,1304,0,1,4.913758605736701e-05
3933,3799,3934,3800,1,1,3.678072649254682e-05
3935,2757,3936,2758,1,1,8.110923416174143e-05
3936,2508,3937,2509,0,0,5.989967502129101e-05
3939,2038,3940,2039,0,1,5.122178632882557e-05
3941,3248,3942,3249,1,0,0.00033096771742069375
3942,4131,3943,4132,0,1,0.00012657215901268337
3944,586,3945,587,1,0,0.0003837047511321412
3946,3095,3947,3096,1,1,0.00014278443540119423
3949,2993,3950,2994,1,1,0.001517101567775972
3950,1678,3951,1679,0,0,3.409003924303988e-05
3952,3029,3953,3030,1,0,0.0004781245243969945
3960,115,3961,116,1,0,8.379795671975554e-05
3963,1914,3964,1915,0,1,3.973513421734465e-05
3965,3955,3966,3956,1,0,0.00019893311602142694
3967,3015,3968,3016,0,1,3.701503275804763e-05
3973,164,3974,165,1,0,0.001444121982670972
3981,182,3982,183,0,0,0.00011087485075478298
3982,3399,3983,3400,1,0,0.00037308955856683174
3983,3242,3984,3243,0,0,0.0001451521283986068
3984,3448,3985,3449,0,1,0.0001402061246977837
3985,4583,3986,4584,1,0,8.584435768843601e-05
3986,681,3987,682,1,0,4.693613846862288e-05
3989,101,3990,102,0,1,0.00040478622273754095
3990,2871,3991,2872,0,1,0.00011606566855038025
3991,96,3992,97,1,0,0.00010975415042824288
3994,2200,3995,2201,1,1,0.0002172045123839672
3997,592,3998,593,0,1,0.00021380234289547495
3999,2241,4000,2242,0,1,0.00017293241396759695
4000,573,4001,574,0,0,1.9652478573273235e-05
4002,1028,4003,1029,1,1,1.3001119272826323e-05
4003,2897,4004,2898,1,1,0.0010053095893687858
4006,947,4007,948,0,0,4.33981192198285e-05
4008,4206,4009,4207,1,0,1.4885740860615115e-05
4010,4864,4011,4865,1,0,0.00029415898314071043
4012,3165,4013,3166,0,1,1.4529552028186288e-06
4013,3707,4014,3708,1,1,8.658016452334216e-06
4014,4004,4015,4005,0,0,0.0004447585136839183
4016,4194,4017,4195,1,1,7.360482634127807e-05
4018,2757,4019,2758,1,1,0.000176890747971864
4021,930,4022,931,1,1,0.00021326371497626395
4023,3712,4024,3713,1,0,5.803026575312842e-05
4024,4435,4025,4436,1,0,0.00030918913870991993
4027,1572,4028,1573,0,0,0.0001804702547629211
4031,2025,4032,2026,1,1,0.00027699706305117644
4032,690,4033,691,0,1,0.00010503429144859133
4034,427,4035,428,0,0,3.391600025592911e-05
4036,1402,4037,1403,0,0,0.0001363144182373599
4037,368,4038,369,0,0,0.00031118054972889553
4039,3597,4040,3598,0,0,8.132658733805975e-05
4047,449,4048,450,0,1,0.00025309085370656126
4051,4029,4052,4030,0,1,0.00010206102319287869
4059,798,4060,799,1,0,0.0002674405534872637
4061,154,4062,155,1,1,0.0002837559668241174
4063,48,4064,49,1,1,0.00015151233559163035
4064,4714,4065,4715,1,0,0.019722090388208602
4066,4842,4067,4843,1,1,0.00013211927546546987
4068,4797,4069,4798,0,0,6.229430386672785e-05
4070,1980,4071,1981,0,0,0.00010937699217739016
4072,4415,4073,4416,0,1,6.301701834354745e-05
4076,14,4077,15,1,0,1.1826904111722492e-05
4077,2593,4078,2594,0,0,1.3477678536544246e-06
4078,928,4079,929,0,0,0.004380104545435304
4079,4347,4080,4348,0,0,6.0521917553457705e-05
4081,1465,4082,1466,1,0,0.0007189336457571124
4086,1789,4087,1790,1,0,0.0003211066330346124
4090,1442,4091,1443,1,1,0.00027257266175359507
4093,680,4094,681,0,1,3.431344023785421e-05
4094,1717,4095,1718,1,0,0.00014080626981827216
4095,2641,4096,2642,0,0,3.775798310468037e-05
4100,3763,4101,3764,1,0,0.00015339924926854875
4101,1253,4102,1254,0,0,0.00027130111266954193
4102,3143,4103,3144,0,1,6.91561226185966e-05
4103,2551,4104,2552,1,1,9.056115845096357e-05
4106,4846,4107,4847,0,1,0.0003049941575803683
4107,1468,4108,1469,0,1,3.766554045647741e-05
4110,4840,4111,4841,0,1,0.00013797131003834284
4116,1071,4117,1072,0,1,0.00015017689754942554
4124,2671,4125,2672,1,1,0.0005116205087644099
4126,4689,4127,4690,0,0,0.00016361325553759798
4128,295,4129,296,1,0,0.0002477478536260236
4130,2903,4131,2904,1,1,1.01606390101594e-06
4134,1037,4135,1038,1,1,2.0643102472517327e-05
4135,73,4136,74,1,1,0.0010114401095954184
4138,1106,4139,1107,0,1,9.089743494172797e-06
4139,3779,4140,3780,1,0,0.0003072880147437784
4141,4714,4142,4715,0,0,0.0074003363759213014
4142,3398,4143,3399,1,0,0.00010239294843489288
4143,82,4144,83,0,1,9.17888690042945e-05
4145,3017,4146,3018,0,0,0.0005984454185458676
4147,202,4148,203,0,1,9.93522287996429e-05
4148,4699,4149,4700,1,0,0.0004994045467565655
4153,3173,4154,3174,1,1,0.00011953984754820013
4155,1234,4156,1235,1,1,0.00042230215485061784
4156,1802,4157,1803,0,0,6.164305569947293e-05
4159,1015,4160,1016,0,1,1.308163142182961e-05
4163,867,4164,868,1,0,5.9175658322585534e-05
4165,1910,4166,1911,1,0,3.511274378026341e-05
4171,139,4172,140,0,1,0.00031677444115335573
4172,857,4173,858,0,0,0.00026040763679091583
4178,2516,4179,2517,0,1,0.0005048539862272938
4188,2047,4189,2048,1,0,0.000633607343317244
4190,916,4191,917,1,1,7.785656300316086e-05
4192,1095,4193,1096,0,0,0.00013322059810971787
4193,889,4194,890,1,1,0.00026660661420607745
4196,1254,4197,1255,1,1,0.00020530678134586533
4197,4794,4198,4795,0,1,0.00027750296348461045
4204,3503,4205,3504,0,0,4.572316989664982e-05
4208,2356,4209,2357,1,0,0.00011912367759447928
4209,1709,4210,1710,1,1,0.00011127578785002923
4211,3357,4212,3358,1,0,0.00016274032834417973
4213,4251,4214,4252,1,1,2.58750720777412e-06
4214,4905,4215,4906,0,1,0.00038417463514356376
4216,843,4217,844,0,1,3.4658068750970106e-05
4218,387,4219,388,0,1,5.838535803981415e-05
4220,3807,4221,3808,1,1,0.0005688828245822564
4221,1296,4222,1297,1,1,0.00015568097953985727
4226,1650,4227,1651,0,1,6.926522509343586e-05
4228,3058,4229,3059,1,1,0.0012280399430974476
4229,1153,4230,1154,1,1,0.00023286806913852542
4232,4683,4233,4684,0,1,4.814686300880222e-05
4235,2822,4236,2823,0,1,0.0003771594948066975
4237,4852,4238,4853,1,0,0.00034164863307317717
4240,957,4241,958,0,1,1.0117605417914177e-05
4241,3533,4242,3534,1,1,0.0004590906312715304
4245,3244,4246,3245,0,1,0.0002841490312266298
4248,2657,4249,2658,1,0,0.00013364392002163106
4249,1005,4250,1006,0,1,1.863078616148872e-05
4250,913,4251,914,1,1,7.635932745631013e-05
4254,4224,4255,4225,0,0,1.1120044189627531e-05
4255,4200,4256,4201,1,0,0.0003240465650479196
4257,3394,4258,3395,1,0,9.63315485108529e-05
4260,2430,4261,2431,0,0,2.526159425042529e-05
4265,2979,4266,2980,1,0,0.00019119651305476992
4272,2160,4273,2161,0,1,0.00014959152776372608
4276,4849,4277,4850,1,0,6.556101088250887e-05
4279,1273,4280,1274,0,0,0.0010025064333886516
4283,4842,4284,4843,1,1,0.00021446096646676738
4284,2824,4285,2825,1,0,3.745895864604165e-07
4288,3417,4289,3418,0,0,0.00012533640957801406
4291,534,4292,535,1,0,9.867532505031251e-05
4292,4865,4293,4866,1,1,0.000681027037026688
4293,367,4294,368,0,0,0.0018943502668624657
4294,828,4295,829,1,1,0.00034640564733579016
4296,1170,4297,1171,0,1,7.494074088354452e-05
4297,4714,4298,4715,0,0,0.0025936457395772106
4299,3728,4300,3729,0,0,0.0002025720083704552
4304,3227,4305,3228,1,1,6.847866377890366e-05
4305,2704,4306,2705,1,0,0.00014315425949806837
4311,1159,4312,1160,0,0,0.0006089551842106689
4319,2039,4320,2040,0,0,0.00034115518668731415
4322,830,4323,831,0,0,0.00014996390888546984
4323,3684,4324,3685,1,0,3.751616264419111e-05
4324,124,4325,125,1,0,0.00012455270839817345
4326,4045,4327,4046,1,0,7.384952140787604e-05
4329,1237,4330,1238,0,0,7.862206529440918e-05
4332,3937,4333,3938,0,0,1.8345842282982416e-05
4339,4219,4340,4220,0,1,0.00023611069851031674
4341,1127,4342,1128,1,0,0.0005954408061382699
4345,242,4346,243,0,1,1.3867803570044579e-05
4349,1302,4350,1303,1,0,0.0002991349362253537
4351,2085,4352,2086,1,1,0.00020403160624579697
4353,2806,4354,2807,1,0,1.714532656038603e-05
4354,4357,4355,4358,1,1,0.00012615804753868254
4355,360,4356,361,0,0,0.0003156225772438237
4362,1560,4363,1561,0,0,0.00021102674573714175
4365,4448,4366,4449,0,0,6.435906459265062e-05
4366,182,4367,183,0,0,0.0003190088764726262
4369,739,4370,740,1,0,0.0003026512795963887
4371,1230,4372,1231,1,0,0.0001810708424870855
4373,1448,4374,1449,0,0,0.00011524588900785337
4375,4933,4376,4934,0,0,0.0017107737586636307
4379,3169,4380,3170,1,1,0.0005033929657526914
4387,338,4388,339,1,1,0.0017556695321333249
4388,1079,4389,1080,0,0,0.00023458382377783416
4390,1254,4391,1255,1,1,0.0003495562684917852
4391,1175,4392,1176,0,0,5.312087129960563e-05
4393,4525,4394,4526,0,1,3.213477864472125e-05
4395,4665,4396,4666,0,0,4.752858724255127e-06
4399,2259,4400,2260,1,1,1.1043826805723356e-05
4401,4313,4402,4314,0,1,0.0004898186176534036
4402,2223,4403,2224,1,0,1.535969615326649e-05
4405,4343,4406,4344,0,1,6.017465894025964e-05
4411,1042,4412,1043,1,1,0.000383432768867098
4413,4964,4414,4965,1,1,0.00044468171193901007
4414,434,4415,435,1,0,2.3423668980782075e-05
4416,4454,4417,4455,0,0,0.004178275983939828
4420,1573,4421,1574,0,0,8.398460889347259e-05
4421,3318,4422,3319,0,1,0.00020913976797103107
4422,2810,4423,2811,1,1,7.172648403630522e-05
4423,1094,4424,1095,1,0,0.0005596405551798467
4425,1060,4426,1061,1,0,7.925383723594859e-05
4427,3803,4428,3804,0,1,0.0005114719604673718
4428,4382,4429,4383,1,1,0.000790581298938664
4429,2288,4430,2289,1,1,0.00011786468709479303
4430,1353,4431,1354,0,1,0.00016706905187680032
4431,2524,4432,2525,1,0,2.5718398492080574e-05
4436,2716,4437,2717,0,1,4.058349198210465e-05
4441,249,4442,250,0,0,0.00010962905268352419
4442,1863,4443,1864,1,0,0.00018687192671879016
4446,2272,4447,2273,1,0,0.0003061668148087726
4450,3452,4451,3453,0,1,0.0007270910614524118
4456,4896,4457,4897,1,1,0.00011280167010871422
4457,4840,4458,4841,1,1,0.0004910373212028141
4468,1954,4469,1955,1,0,4.390230645767712e-05
4469,4964,4470,4965,1,1,0.0005482192047602807
4472,4714,4473,4715,0,0,0.015103225101888329
4474,4347,4475,4348,1,0,2.7411789936260256e-05
4475,4259,4476,4260,0,0,0.00048366001116625706
4476,3503,4477,3504,1,0,2.79936962095384e-05
4481,4721,4482,4722,1,0,0.00024190294429637937
4483,2962,4484,2963,1,1,7.930598271244094e-05
4488,3977,4489,3978,1,1,0.0001464752912347933
4489,3763,4490,3764,1,0,0.00032220382967496075
4490,2135,4491,2136,1,1,0.0004647895228686791
4494,1219,4495,1220,1,1,0.0006953573485797629
4500,2130,4501,2131,1,1,0.00013737808039906985
4503,4699,4504,4700,1,0,0.0001606607807567162
4504,3452,4505,3453,0,1,0.0001322746603897862
4511,701,4512,702,1,0,0.0001886096272324389
4513,3198,4514,3199,1,0,1.8118805068939592e-05
4514,2022,4515,2023,0,0,0.00034566128069920404
4516,889,4517,890,0,1,0.00012121721791347184
4517,1178,4518,1179,1,0,0.0007761816005334155
4519,581,4520,582,1,0,4.50643802287487e-05
4521,4482,4522,4483,1,0,0.0007457070070062688
4524,1517,4525,1518,0,0,8.064344043468008e-05
4526,1705,4527,1706,0,0,0.0001348636459251873
4529,360,4530,361,1,0,0.00018779869323926057
4530,20,4531,21,0,1,0.0001230785256733924
4536,4607,4537,4608,1,1,0.0004165263316732587
4540,3256,4541,3257,0,1,5.1022164149150395e-05
4541,2525,4542,2526,1,0,8.329519789701534e-05
4547,1178,4548,1179,1,0,0.0003810810345113713
4548,3335,4549,3336,1,1,0.000552803949642966
4549,3277,4550,3278,0,0,0.0011857764749696742
4550,1588,4551,1589,1,0,1.772207742689602e-05
4551,3581,4552,3582,1,0,3.6015728873683983e-06
4553,953,4554,954,1,0,0.0005996995229016755
4554,1924,4555,1925,0,1,0.00024226921151158324
4555,2000,4556,2001,0,0,0.00029264140950735484
4561,2154,4562,2155,1,0,0.00030939730714885094
4562,4657,4563,4658,0,0,9.73990512907726e-05
4567,3625,4568,3626,1,0,0.0009188599464932286
4568,1954,4569,1955,0,0,5.025448761297735e-05
4571,1202,4572,1203,0,1,2.7593245002233147e-06
4572,388,4573,389,1,0,0.0019458905245583018
4573,616,4574,617,1,0,0.0004384520428166727
4577,4186,4578,4187,1,0,7.83006652562146e-05
4578,4167,4579,4168,1,0,0.00017828309307299506
4579,415,4580,416,1,0,8.792558286695173e-05
4582,1912,4583,1913,0,1,0.0004548338692876852
4584,1990,4585,1991,1,0,9.779657366634775e-06
4590,2993,4591,2994,1,1,6.371007576043419e-05
4593,3861,4594,3862,1,0,1.6141772803818233e-05
4595,4927,4596,4928,0,1,3.686485369958081e-05
4597,3414,4598,3415,1,1,0.0004061208994251275
4599,368,4600,369,1,0,0.000239928313243154
4600,4858,4601,4859,0,0,0.0001578151976847353
4603,2112,4604,2113,0,1,0.00028131347645171667
4609,4098,4610,4099,0,1,0.00036616807170958277
4610,1905,4611,1906,0,0,3.032819460191405e-05
4611,3068,4612,3069,0,0,7.429729766061932e-05
4612,3907,4613,3908,0,0,7.180877071699676e-05
4615,1184,4616,1185,0,0,0.0019318613181802669
4616,2028,4617,2029,1,1,0.0002864237778073542
4617,1485,4618,1486,1,1,0.0001651665425654661
4621,368,4622,369,0,0,0.0008937124673963348
4622,1520,4623,1521,0,1,0.0005317400098187944
4624,4775,4625,4776,1,0,0.0001227307478899875
4625,3624,4626,3625,0,0,0.0007125117324639357
4628,3047,4629,3048,1,0,0.0009968494079372163
4629,1219,4630,1220,1,1,0.00019263319799183581
4630,1396,4631,1397,1,1,9.454369653590089e-05
4633,2013,4634,2014,1,0,0.0002874075522165398
4634,1807,4635,1808,0,0,0.0005460257407379765
4635,1125,4636,1126,0,0,0.0021716690543307493
4638,1234,4639,1235,1,1,0.0006209407743421047
4640,3641,4641,3642,1,0,0.0007636668120145837
4641,4493,4642,4494,0,1,0.003180166853710406
4645,4506,4646,4507,1,1,6.544866549051953e-05
4646,1226,4647,1227,0,0,0.00013051720472045947
4648,3670,4649,3671,1,0,0.00010497447974366914
4651,966,4652,967,1,0,0.00032583543984721075
4659,4056,4660,4057,0,1,8.687627868464443e-05
4668,2696,4669,2697,0,0,0.00019211492770565552
4669,3958,4670,3959,0,1,0.00011865060915772219
4673,1300,4674,1301,1,1,6.814077358499593e-05
4674,1157,4675,1158,0,1,1.6832238287634027e-05
4677,1053,4678,1054,1,1,6.4685393177083e-05
4686,4074,4687,4075,1,1,8.724589587078002e-05
4692,4537,4693,4538,0,1,1.8182075882444693e-05
4695,2977,4696,2978,0,1,0.00025180339145552955
4705,1426,4706,1427,0,0,0.00012355216803150437
4711,4909,4712,4910,1,0,3.120829237868161e-05
4725,4470,4726,4471,0,0,3.892365504942763e-05
4727,4194,4728,4195,1,1,0.0003091139739166693
4728,2275,4729,2276,1,1,0.00018635858341592426
4729,4185,4730,4186,1,0,0.0004969516166151156
4731,445,4732,446,1,0,0.00011205113292278579
4733,3304,4734,3305,1,1,7.844802791348582e-05
4736,866,4737,867,0,0,5.688235032552669e-05
4741,3304,4742,3305,1,1,1.0789246483899895e-05
4743,1465,4744,1466,1,0,0.0004946906991243963
4746,1180,4747,1181,1,0,0.001157873255131836
4747,4811,4748,4812,1,1,0.0004526390021403204
4749,2405,4750,2406,0,1,8.668497971827706e-06
4750,3320,4751,3321,1,1,4.591886489918595e-05
4752,1640,4753,1641,1,0,0.0003912697551387012
4755,605,4756,606,1,0,4.265524599234016e-05
4756,4592,4757,4593,0,1,0.0003716584778467036
4757,389,4758,390,1,0,0.00038005119440776003
4758,4175,4759,4176,1,0,0.00027146508301820194
4760,4763,4761,4764,1,0,0.0003729623987693831
4761,709,4762,710,1,1,0.00028457606135967595
4764,4666,4765,4667,0,0,9.952453717376741e-05
4768,793,4769,794,1,0,0.00531433327479694
4770,840,4771,841,0,1,9.734311963571773e-05
4772,4454,4773,4455,0,0,0.0026588223245337383
4773,686,4774,687,1,1,0.00017479555897281784
4776,757,4777,758,0,0,0.0003057580320279252
4777,2608,4778,2609,1,1,0.00023243794163141374
4780,1147,4781,1148,1,1,0.00022921499861627836
4786,372,4787,373,0,1,0.000163486300454041
4792,4473,4793,4474,1,1,5.879787488138888e-05
4798,3914,4799,3915,0,0,7.571785701365741e-05
4799,1580,4800,1581,1,0,9.941958422077235e-06
4801,2813,4802,2814,1,1,0.0002836934913356959
4804,4382,4805,4383,0,1,2.2000535059629733e-05
4807,1759,4808,1760,1,1,3.2802133259624e-05
4808,2404,4809,2405,1,0,0.00011455730105147666
4809,684,4810,685,0,0,0.07067612714712335
4810,591,4811,592,1,1,4.787224185065497e-06
4812,2591,4813,2592,1,1,0.00017396172425654388
4814,655,4815,656,1,0,0.0005277765680700153
4815,3125,4816,3126,1,1,6.067103737356083e-05
4816,3560,4817,3561,0,1,0.0024783033286288336
4818,2436,4819,2437,0,0,0.0003871067589738125
4820,4408,4821,4409,1,0,0.000247367673463339
4823,2898,4824,2899,1,0,0.0005888912836432558
4827,4092,4828,4093,0,0,0.0001789910605073386
4829,3721,4830,3722,0,1,0.0001132295711014919
4834,3552,4835,3553,1,1,0.0005095419889199482
4836,917,4837,918,1,1,0.00011718169378179683
4837,2897,4838,2898,0,1,0.000787891971681498
4847,277,4848,278,1,0,6.161150901695667e-05
4848,541,4849,542,0,1,7.928239554465255e-05
4850,3347,4851,3348,0,0,0.0003051740790797272
4853,4089,4854,4090,1,1,0.00037144952813725207
4854,909,4855,910,1,1,0.0002449150166605185
4859,1881,4860,1882,1,1,0.00030339475044666164
4861,200,4862,201,0,0,0.00010345202076211812
4866,4313,4867,4314,1,1,0.00019315251425872093
4868,506,4869,507,0,1,0.00032932608277613795
4869,2000,4870,2001,0,0,9.193982383037813e-05
4871,2154,4872,2155,1,0,0.00014806510352721736
4872,2077,4873,2078,0,1,5.557088500163232e-05
4873,3951,4874,3952,1,0,0.0006625927227118522
4874,4277,4875,4278,1,1,5.126826552981356e-05
4877,2178,4878,2179,0,1,0.001297056994949336
4878,1705,4879,1706,0,0,0.00011549807439126258
4881,3736,4882,3737,0,0,0.00030688349456620134
4882,2837,4883,2838,0,1,3.424892005679525e-05
4883,2769,4884,2770,1,0,7.37602893235989e-05
4885,4979,4886,4980,0,0,0.00014726073741144763
4887,3871,4888,3872,1,0,0.0006412901125063541
4893,1340,4894,1341,1,1,4.319570131101208e-05
4897,782,4898,783,1,1,7.634964617919682e-05
4902,681,4903,682,1,0,0.00010365217239596825
4903,2528,4904,2529,0,0,0.00034379774722803624
4904,4067,4905,4068,1,0,0.0002492467073831328
4907,3036,4908,3037,1,1,2.9444511862208866e-05
4908,847,4909,848,0,0,7.999702458533209e-05
4914,857,4915,858,1,0,1.921607625887667e-05
4919,4356,4920,4357,1,0,0.0006545915051572315
4921,3036,4922,3037,0,1,0.000559861196336553
4932,1594,4933,1595,1,0,0.000679507857932915
4942,2253,4943,2254,1,0,0.0004904032153067927
4946,73,4947,74,1,1,0.0008758102111904587
4950,2431,4951,2432,1,0,0.00048606127138281496
4951,2495,4952,2496,0,0,0.0002544578508340001
4952,3008,4953,3009,1,1,0.00019941657988255257
4957,4675,4958,4676,1,1,0.0002734240941423549
4960,1633,4961,1634,0,1,0.00011870895329318953
4963,49,4964,50,1,1,0.00044872936157247523
4965,1446,4966,1447,0,0,2.705012073012103e-05
4966,1488,4967,1489,1,0,0.0007812702254200721
4970,2119,4971,2120,0,0,6.445887289407981e-05
4971,286,4972,287,1,0,0.0004490558640149467
4974,124,4975,125,1,0,8.89244009949497e-06
4976,256,4977,257,1,0,6.663037176413145e-05
4977,1447,4978,1448,1,0,6.485294497238225e-05
4978,2230,4979,2231,0,0,0.0008395144962536349
4983,2232,4984,2233,1,1,0.00014822399300079558
4987,3533,4988,3534,1,1,0.00016032289821571455
4988,2902,4989,2903,0,0,0.0004150901703951493
4989,3818,4990,3819,1,0,1.7522970167382912e-05
4990,1518,4991,1519,0,0,0.0001194231495697945
4992,3077,4993,3078,0,0,0.00022599004369239228
4999,2352,5000,2353,0,1,3.8266254427765656e-05
